{
    "records": [
        {
            "timestamp": "2021-02-28T00:11:54.000Z",
            "priority": 1,
            "gps": {
                "longitude": 112.7858157,
                "latitude": -7.3256714,
                "altitude": -17,
                "angle": 317,
                "satellites": 9,
                "speed": 0
            },
            "event_id": 66,
            "properties_count": 19,
            "ioElements": [
                {
                    "id": 1,
                    "value": 0,
                    "label": "Din 1",
                    "valueHuman": "0"
                },
                {
                    "id": 2,
                    "value": 0,
                    "label": "",
                    "dimension": "",
                    "valueHuman": ""
                },
                {
                    "id": 3,
                    "value": 0,
                    "label": "",
                    "dimension": "",
                    "valueHuman": ""
                },
                {
                    "id": 179,
                    "value": 0,
                    "label": "",
                    "dimension": "",
                    "valueHuman": ""
                },
                {
                    "id": 69,
                    "value": 3,
                    "label": "GNSS Status",
                    "valueHuman": "In sleep state"
                },
                {
                    "id": 240,
                    "value": 0,
                    "label": "Movement",
                    "valueHuman": "No"
                },
                {
                    "id": 21,
                    "value": 4,
                    "label": "GSM Signal Strength",
                    "valueHuman": "4"
                },
                {
                    "id": 239,
                    "value": 0,
                    "label": "Ignition",
                    "valueHuman": "No"
                },
                {
                    "id": 79,
                    "value": 2,
                    "label": "",
                    "dimension": "",
                    "valueHuman": ""
                },
                {
                    "id": 66,
                    "value": 2991,
                    "label": "Ext Voltage",
                    "dimension": "mV",
                    "valueHuman": ""
                },
                {
                    "id": 24,
                    "value": 0,
                    "label": "Speed",
                    "dimension": "km/h",
                    "valueHuman": ""
                },
                {
                    "id": 206,
                    "value": 6225,
                    "label": "GSM Area Code",
                    "valueHuman": ""
                },
                {
                    "id": 72,
                    "value": 3000,
                    "label": "",
                    "dimension": "",
                    "valueHuman": ""
                },
                {
                    "id": 67,
                    "value": 4023,
                    "label": "Battery Voltage",
                    "dimension": "mV",
                    "valueHuman": ""
                },
                {
                    "id": 68,
                    "value": 0,
                    "label": "Battery Current",
                    "dimension": "mA",
                    "valueHuman": ""
                },
                {
                    "id": 199,
                    "value": 0,
                    "label": "Trip Odometer",
                    "valueHuman": ""
                },
                {
                    "id": 241,
                    "value": 51010,
                    "label": "GSM Operator",
                    "valueHuman": ""
                },
                {
                    "id": 205,
                    "value": 41389091,
                    "label": "GSM Cell ID",
                    "valueHuman": ""
                },
                {
                    "id": 99,
                    "value": 348,
                    "label": "",
                    "dimension": "",
                    "valueHuman": ""
                }
            ]
        },
        {
            "timestamp": "2021-02-28T00:17:17.000Z",
            "priority": 1,
            "gps": {
                "longitude": 112.7858131,
                "latitude": -7.3256706,
                "altitude": -16,
                "angle": 317,
                "satellites": 9,
                "speed": 0
            },
            "event_id": 66,
            "properties_count": 19,
            "ioElements": [
                {
                    "id": 1,
                    "value": 0,
                    "label": "Din 1",
                    "valueHuman": "0"
                },
                {
                    "id": 2,
                    "value": 0,
                    "label": "",
                    "dimension": "",
                    "valueHuman": ""
                },
                {
                    "id": 3,
                    "value": 0,
                    "label": "",
                    "dimension": "",
                    "valueHuman": ""
                },
                {
                    "id": 179,
                    "value": 0,
                    "label": "",
                    "dimension": "",
                    "valueHuman": ""
                },
                {
                    "id": 69,
                    "value": 3,
                    "label": "GNSS Status",
                    "valueHuman": "In sleep state"
                },
                {
                    "id": 240,
                    "value": 0,
                    "label": "Movement",
                    "valueHuman": "No"
                },
                {
                    "id": 21,
                    "value": 4,
                    "label": "GSM Signal Strength",
                    "valueHuman": "4"
                },
                {
                    "id": 239,
                    "value": 0,
                    "label": "Ignition",
                    "valueHuman": "No"
                },
                {
                    "id": 79,
                    "value": 2,
                    "label": "",
                    "dimension": "",
                    "valueHuman": ""
                },
                {
                    "id": 66,
                    "value": 3218,
                    "label": "Ext Voltage",
                    "dimension": "mV",
                    "valueHuman": ""
                },
                {
                    "id": 24,
                    "value": 0,
                    "label": "Speed",
                    "dimension": "km/h",
                    "valueHuman": ""
                },
                {
                    "id": 206,
                    "value": 6225,
                    "label": "GSM Area Code",
                    "valueHuman": ""
                },
                {
                    "id": 72,
                    "value": 3000,
                    "label": "",
                    "dimension": "",
                    "valueHuman": ""
                },
                {
                    "id": 67,
                    "value": 3943,
                    "label": "Battery Voltage",
                    "dimension": "mV",
                    "valueHuman": ""
                },
                {
                    "id": 68,
                    "value": 0,
                    "label": "Battery Current",
                    "dimension": "mA",
                    "valueHuman": ""
                },
                {
                    "id": 199,
                    "value": 0,
                    "label": "Trip Odometer",
                    "valueHuman": ""
                },
                {
                    "id": 241,
                    "value": 51010,
                    "label": "GSM Operator",
                    "valueHuman": ""
                },
                {
                    "id": 205,
                    "value": 41389091,
                    "label": "GSM Cell ID",
                    "valueHuman": ""
                },
                {
                    "id": 99,
                    "value": 348,
                    "label": "",
                    "dimension": "",
                    "valueHuman": ""
                }
            ]
        },
        {
            "timestamp": "2021-02-28T00:22:34.000Z",
            "priority": 1,
            "gps": {
                "longitude": 112.7858123,
                "latitude": -7.3256711,
                "altitude": -16,
                "angle": 317,
                "satellites": 8,
                "speed": 0
            },
            "event_id": 66,
            "properties_count": 19,
            "ioElements": [
                {
                    "id": 1,
                    "value": 0,
                    "label": "Din 1",
                    "valueHuman": "0"
                },
                {
                    "id": 2,
                    "value": 0,
                    "label": "",
                    "dimension": "",
                    "valueHuman": ""
                },
                {
                    "id": 3,
                    "value": 0,
                    "label": "",
                    "dimension": "",
                    "valueHuman": ""
                },
                {
                    "id": 179,
                    "value": 0,
                    "label": "",
                    "dimension": "",
                    "valueHuman": ""
                },
                {
                    "id": 69,
                    "value": 3,
                    "label": "GNSS Status",
                    "valueHuman": "In sleep state"
                },
                {
                    "id": 240,
                    "value": 0,
                    "label": "Movement",
                    "valueHuman": "No"
                },
                {
                    "id": 21,
                    "value": 4,
                    "label": "GSM Signal Strength",
                    "valueHuman": "4"
                },
                {
                    "id": 239,
                    "value": 0,
                    "label": "Ignition",
                    "valueHuman": "No"
                },
                {
                    "id": 79,
                    "value": 2,
                    "label": "",
                    "dimension": "",
                    "valueHuman": ""
                },
                {
                    "id": 66,
                    "value": 2997,
                    "label": "Ext Voltage",
                    "dimension": "mV",
                    "valueHuman": ""
                },
                {
                    "id": 24,
                    "value": 0,
                    "label": "Speed",
                    "dimension": "km/h",
                    "valueHuman": ""
                },
                {
                    "id": 206,
                    "value": 6225,
                    "label": "GSM Area Code",
                    "valueHuman": ""
                },
                {
                    "id": 72,
                    "value": 3000,
                    "label": "",
                    "dimension": "",
                    "valueHuman": ""
                },
                {
                    "id": 67,
                    "value": 4092,
                    "label": "Battery Voltage",
                    "dimension": "mV",
                    "valueHuman": ""
                },
                {
                    "id": 68,
                    "value": 0,
                    "label": "Battery Current",
                    "dimension": "mA",
                    "valueHuman": ""
                },
                {
                    "id": 199,
                    "value": 0,
                    "label": "Trip Odometer",
                    "valueHuman": ""
                },
                {
                    "id": 241,
                    "value": 51010,
                    "label": "GSM Operator",
                    "valueHuman": ""
                },
                {
                    "id": 205,
                    "value": 41389091,
                    "label": "GSM Cell ID",
                    "valueHuman": ""
                },
                {
                    "id": 99,
                    "value": 348,
                    "label": "",
                    "dimension": "",
                    "valueHuman": ""
                }
            ]
        },
        {
            "timestamp": "2021-02-28T00:38:30.000Z",
            "priority": 1,
            "gps": {
                "longitude": 112.7858135,
                "latitude": -7.3256733,
                "altitude": -16,
                "angle": 317,
                "satellites": 9,
                "speed": 0
            },
            "event_id": 66,
            "properties_count": 19,
            "ioElements": [
                {
                    "id": 1,
                    "value": 0,
                    "label": "Din 1",
                    "valueHuman": "0"
                },
                {
                    "id": 2,
                    "value": 0,
                    "label": "",
                    "dimension": "",
                    "valueHuman": ""
                },
                {
                    "id": 3,
                    "value": 0,
                    "label": "",
                    "dimension": "",
                    "valueHuman": ""
                },
                {
                    "id": 179,
                    "value": 0,
                    "label": "",
                    "dimension": "",
                    "valueHuman": ""
                },
                {
                    "id": 69,
                    "value": 3,
                    "label": "GNSS Status",
                    "valueHuman": "In sleep state"
                },
                {
                    "id": 240,
                    "value": 0,
                    "label": "Movement",
                    "valueHuman": "No"
                },
                {
                    "id": 21,
                    "value": 4,
                    "label": "GSM Signal Strength",
                    "valueHuman": "4"
                },
                {
                    "id": 239,
                    "value": 0,
                    "label": "Ignition",
                    "valueHuman": "No"
                },
                {
                    "id": 79,
                    "value": 2,
                    "label": "",
                    "dimension": "",
                    "valueHuman": ""
                },
                {
                    "id": 66,
                    "value": 3326,
                    "label": "Ext Voltage",
                    "dimension": "mV",
                    "valueHuman": ""
                },
                {
                    "id": 24,
                    "value": 0,
                    "label": "Speed",
                    "dimension": "km/h",
                    "valueHuman": ""
                },
                {
                    "id": 206,
                    "value": 6225,
                    "label": "GSM Area Code",
                    "valueHuman": ""
                },
                {
                    "id": 72,
                    "value": 3000,
                    "label": "",
                    "dimension": "",
                    "valueHuman": ""
                },
                {
                    "id": 67,
                    "value": 3829,
                    "label": "Battery Voltage",
                    "dimension": "mV",
                    "valueHuman": ""
                },
                {
                    "id": 68,
                    "value": 0,
                    "label": "Battery Current",
                    "dimension": "mA",
                    "valueHuman": ""
                },
                {
                    "id": 199,
                    "value": 0,
                    "label": "Trip Odometer",
                    "valueHuman": ""
                },
                {
                    "id": 241,
                    "value": 51010,
                    "label": "GSM Operator",
                    "valueHuman": ""
                },
                {
                    "id": 205,
                    "value": 41389091,
                    "label": "GSM Cell ID",
                    "valueHuman": ""
                },
                {
                    "id": 99,
                    "value": 348,
                    "label": "",
                    "dimension": "",
                    "valueHuman": ""
                }
            ]
        },
        {
            "timestamp": "2021-02-28T00:48:44.000Z",
            "priority": 1,
            "gps": {
                "longitude": 112.7858132,
                "latitude": -7.3256742,
                "altitude": -16,
                "angle": 317,
                "satellites": 10,
                "speed": 0
            },
            "event_id": 66,
            "properties_count": 19,
            "ioElements": [
                {
                    "id": 1,
                    "value": 0,
                    "label": "Din 1",
                    "valueHuman": "0"
                },
                {
                    "id": 2,
                    "value": 0,
                    "label": "",
                    "dimension": "",
                    "valueHuman": ""
                },
                {
                    "id": 3,
                    "value": 0,
                    "label": "",
                    "dimension": "",
                    "valueHuman": ""
                },
                {
                    "id": 179,
                    "value": 0,
                    "label": "",
                    "dimension": "",
                    "valueHuman": ""
                },
                {
                    "id": 69,
                    "value": 3,
                    "label": "GNSS Status",
                    "valueHuman": "In sleep state"
                },
                {
                    "id": 240,
                    "value": 0,
                    "label": "Movement",
                    "valueHuman": "No"
                },
                {
                    "id": 21,
                    "value": 4,
                    "label": "GSM Signal Strength",
                    "valueHuman": "4"
                },
                {
                    "id": 239,
                    "value": 0,
                    "label": "Ignition",
                    "valueHuman": "No"
                },
                {
                    "id": 79,
                    "value": 2,
                    "label": "",
                    "dimension": "",
                    "valueHuman": ""
                },
                {
                    "id": 66,
                    "value": 2989,
                    "label": "Ext Voltage",
                    "dimension": "mV",
                    "valueHuman": ""
                },
                {
                    "id": 24,
                    "value": 0,
                    "label": "Speed",
                    "dimension": "km/h",
                    "valueHuman": ""
                },
                {
                    "id": 206,
                    "value": 6225,
                    "label": "GSM Area Code",
                    "valueHuman": ""
                },
                {
                    "id": 72,
                    "value": 3000,
                    "label": "",
                    "dimension": "",
                    "valueHuman": ""
                },
                {
                    "id": 67,
                    "value": 4060,
                    "label": "Battery Voltage",
                    "dimension": "mV",
                    "valueHuman": ""
                },
                {
                    "id": 68,
                    "value": 0,
                    "label": "Battery Current",
                    "dimension": "mA",
                    "valueHuman": ""
                },
                {
                    "id": 199,
                    "value": 0,
                    "label": "Trip Odometer",
                    "valueHuman": ""
                },
                {
                    "id": 241,
                    "value": 51010,
                    "label": "GSM Operator",
                    "valueHuman": ""
                },
                {
                    "id": 205,
                    "value": 41389091,
                    "label": "GSM Cell ID",
                    "valueHuman": ""
                },
                {
                    "id": 99,
                    "value": 348,
                    "label": "",
                    "dimension": "",
                    "valueHuman": ""
                }
            ]
        }
    ],
    "data_length": 433,
    "codec_id": 8,
    "number_of_data": 5,
    "number_of_data2": 5,
    "CRC": {
        "0": 0,
        "1": 0,
        "2": 161,
        "3": 182
    }
}