VID,"Device Code",Imei,"Model GPS",Cellnumber,"Company GROUP",Devicetime,Servertime,"Last Location",Comment
309058,N-9930-TK,356307045648705,FM-1200,081514007262,309:{2},"2021-07-13 08:21:28.41","2021-07-13 08:21:30.457",Update,
217001,L-9961-UI,867060031281120,FM-36,081513701422,217:{0},"2021-07-13 08:40:19","2021-07-13 08:40:36.769",Update,
331006,W-9649-NB,352848023142496,FM-32,08553204376,331:{2},"2021-07-13 08:40:48.67","2021-07-13 08:41:10.99",Update,
309032,H-1455-LA,352848024119253,FM-32,08553204632,309:{6},"2021-07-13 08:40:57.961","2021-07-13 08:41:09.897",Update,
511142,193,357454073124404,FM-1202,081519764470,511:{12},"2021-07-13 08:32:59","2021-07-13 08:35:13.125",Update,
511166,264,352094088731085,FMA,081514019177,511:{1},"2021-07-13 08:41:19","2021-07-13 08:41:28.163",Update,
395004,"BIS. 4 EA-7378-A",357454075059939,FM-1202,081519764614,2:{0}," null"," null"," Tidak ada data di RAW"
511009,183,352848025190188,FM-32,08553210909,511:{0;2},"2021-07-13 08:06:01.151","2021-07-13 08:23:35.185",Update,
523002,DK-9512-KN,352848024505642,FM-42,081553914262,523:{1},"2021-07-13 08:35:14.839","2021-07-13 08:37:39.389",Update,
511061,111,352848026164091,FM-32,08553206566,511:{7},"2021-07-12 01:12:48.021","2021-07-12 01:13:13.165","CPU Reset Recomendation","Macanan - Nganjuk - Jawa Timur"
511174,270,352093082784801,FMA,081514007595,511:{1},"2021-07-13 08:38:41","2021-07-13 08:38:55.034",Update,
301038,L-9958-N,356307046136718,FM-1200,08553202287,301:{13},"2021-07-13 01:05:56.48","2021-07-13 01:08:41.544",Update,
501006,C2511,356307046114566,FM-1200,081132264117,501:{0;15},"2021-06-05 09:08:48","2021-06-05 09:15:49.011","CPU Reset Recomendation","Pergudangan Bumi Maspion - Romokalisari - Benowo"
355004,"T 40",352848029420516,FM-42,081553914214,355:{2},"2021-06-30 02:59:38.14","2021-06-30 03:00:09.626","CPU Reset Recomendation","RW 08 - Perak Barat - Krembangan"
511148,215,357454073161083,FM-1202,081519764751,511:{3},"2021-07-12 03:24:19","2021-07-12 03:24:35.39","CPU Reset Recomendation","RW 05 - Tandes - Tandes"
309033,N-8783-TL,352848024119394,FM-32,08553204633,309:{1;6},"2021-07-13 08:39:26.621","2021-07-13 08:39:57.635",Update,
331004,W-8389-NT,352848023142306,FM-32,08553204374,331:{1},"2021-07-13 08:19:04.381","2021-07-13 08:19:16.152",Update,
511001,L-06,356173062950147,FM-1202,08553210900,511:{0;2},"2021-07-13 08:40:00","2021-07-13 08:40:17.703",Update,
511167,263,352094086274948,FMA,081514007288,511:{1},"2021-07-10 11:08:39","2021-07-10 11:08:52.365","CPU Reset Recomendation","Ngrejeng - Bojonegoro - Jawa Timur"
511018,71,352093083275817,FM-1202,08551838487,511:{0;10},"2021-07-13 08:41:37","2021-07-13 08:41:40.328",Update,
211012,B-9997-UEW,867060031256536,FM-36,08551838482,211:{1},"2021-07-13 08:40:05","2021-07-13 08:40:28.742",Update,
345021,L-8788-UB,356173062859694,FM-1202+J,081514007245,345:{1},"2021-07-13 08:40:35","2021-07-13 08:40:55.291",Update,
511123,58,356173062949842,FM-1202+J,081542004477,511:{2},"2021-07-12 23:09:59.9","2021-07-12 23:10:33.448","CPU Reset Recomendation","Macanan - Nganjuk - Jawa Timur"
309037,B-9709-IW,356173063226208,FM-1202,08553205637,309:{7},"2021-07-10 08:52:14","2021-07-10 09:10:34.818","CPU Reset Recomendation","Penjaringan - Penjaringan - Jakarta Utara"
301041,L-8997-AB,356307046147533,FM-1200,08553202290,301:{13},"2021-07-13 00:49:38.98","2021-07-13 00:49:42.027",Update,
367001,B-9508-UU,352848029708845,FM-42,08553223740,367:{1},"2021-07-13 01:08:25.183","2021-07-13 01:09:09.692",Update,
511165,165,352094086737803,FMA,081514007440,511:{11},"2021-07-10 03:58:35","2021-07-10 03:58:45.816","CPU Reset Recomendation","Kesiman Petilan - Denpasar - Bali"
357007,"166 [W-9046-NV]",356307046114269,FM-1200,081132020503,357:{1},"2021-07-13 08:38:12","2021-07-13 08:38:32.821",Update,
217005,L-9958-UI,867060031272392,FM-36,081513701434,217:{0},"2021-07-13 08:41:00","2021-07-13 08:41:24.121",Update,
211014,"KM. Rey Sumber Jaya ",867060031290543,FM-36,081132023750,211:{1;2},"2021-06-22 18:15:40","2021-06-22 18:19:03.661","CPU Reset Recomendation","Jawa Barat - Indonesia - id"
367003,B-9507-UU,356173062949099,FM-1202,081132241183,367:{1},"2021-07-13 08:12:30","2021-07-13 08:13:28.968",Update,
309025,L-8034-WD,352848024126894,FM-32,08553204625,309:{4},"2021-06-30 00:11:59.09","2021-06-30 00:12:27.482","CPU Reset Recomendation","Gempol - Pasuruan - Jawa Timur"
309001,L-9874-AL,356307046420328,FM-32,08553204601,309:{1},"2021-07-13 08:25:15.56","2021-07-13 08:25:18.864",Update,
355012,"T 32",356307048821457,FM-1202+J,081515270651,355:{3},"2021-07-13 08:25:29.31","2021-07-13 08:25:43.151",Update,
355017,"T 05",356173066138525,FM-1202+J,08158096172,355:{2},"2021-07-13 08:41:48.32","2021-07-13 08:41:52.325",Update,
501004,E152,352094088664641,FM-1202,081515270714,501:{12},"2021-07-11 06:45:00","2021-07-11 06:45:06.843","CPU Reset Recomendation","Serangan - Denpasar - Bali"
511114,65,356307045725685,FM-1200,081553470238,511:{12},"2021-07-07 11:41:23.85","2021-07-07 21:05:07.457","CPU Reset Recomendation","Benda Asri - Nganjuk - Jawa Timur"
319005,L-8114-WY,352094089412172,FMA,08553204835,319:{1},"2021-07-04 01:22:56","2021-07-04 01:23:15.541","CPU Reset Recomendation","RW 07 - Tandes - Tandes"
353002,L-9502-UY,356307047689608,FM-32,08553211024,353:{1},"2021-07-13 08:12:01.89","2021-07-13 08:12:22.494",Update,
309038,B-9241-PCI,352094085652086,FM-32,08553205638,309:{7},"2021-07-12 03:21:45","2021-07-12 03:21:54.561","CPU Reset Recomendation","Penjaringan - Penjaringan - Jakarta Utara"
501026,F288,352848027688353,FM-32,08164298077,501:{5}," null"," null"," Tidak ada data di RAW"
503024,"F 08",357454076232238,FMA,081514380710,503:{1}," null"," null"," Tidak ada data di RAW"
309068,H-1567-WA,352094087546138,FMA,081514007262,309:{6},"2021-02-26 02:17:20","2021-02-26 02:17:30","CPU Reset Recomendation","Kawasan Industri Candi - Ngaliyan - Semarang"
385010,L-9224-UP,356307048764392,FM-1202+J,08164298115,385:{1},"2021-07-13 08:21:45.12","2021-07-13 08:22:29.653",Update,
205012,L-9167-G,356307045736187,FM-1200,081542005603,205:{1},"2021-07-13 08:38:18.06","2021-07-13 08:38:28.913",Update,
213008,CS4,352093083270438,FMA,081513701469,213:{0;1},"2021-07-13 08:27:07","2021-07-13 08:27:19.921",Update,
31081,31081,357454076233426,FM-1200,000,31:{2;40},"2021-06-18 08:44:42","2021-06-18 08:44:45.348","CPU Reset Recomendation","RW 06 - Penjaringan Sari - Rungkut"
331013,L-9217-GN,356307046420898,FM-1200,08553206458,331:{4},"2021-07-13 08:33:38","2021-07-13 08:33:44.048",Update,
385012,L-9067-UP,356307048763717,FM-1202+J,08164298087,385:{1},"2021-07-13 08:42:00.29","2021-07-13 08:42:19.654",Update,
511170,258,352093080044430,FMA,081132261470,511:{0;1},"2021-07-13 08:34:37","2021-07-13 08:34:38.919",Update,
319007,L-9484-VU,356307048824089,FM-1202,081132218952,319:{1},"2021-07-13 08:41:38","2021-07-13 08:41:43.909",Update,
301037,L-9962-N,352848029520802,FM-42,08553202286,301:{13},"2021-07-13 04:03:21.171","2021-07-13 04:03:40.443",Update,
503012,"J 03",352848021647116,FM-32,08553204083,503:{4},"2021-07-13 02:31:36.291","2021-07-13 02:31:50.652",Update,
357013," 158 [W-8242-ND]	",357454073172379,FM-1202,081131129935,357:{1},"2021-07-13 08:41:02","2021-07-13 08:41:17.57",Update,
309011,L-9196-VZ,352094085744917,FM-1200,08553204611,309:{5},"2021-07-08 01:52:30","2021-07-08 01:52:43.555","CPU Reset Recomendation","Jeruk Purut - Pasuruan - Jawa Timur"
501030,"E99 Jcb",356173065870417,FM-32,08553205922,501:{19},"2021-07-13 08:40:02","2021-07-13 08:40:19.078",Update,
511128,207,356173061968843,FM-1202,08158131074,511:{11},"2021-07-10 07:15:30","2021-07-10 07:20:03.528","CPU Reset Recomendation","Kesiut - Bali - Indonesia"
393005,AGUS(L-9901-VJ),356173062968933,FM-1202+J,081584148394,393:{0},"2021-07-13 08:12:08","2021-07-13 08:16:36.328",Update,
301042,L-8248-NK,356307045893657,FM-1200,081514008890,301:{13},"2021-07-13 05:48:37.79","2021-07-13 05:48:41.038",Update,
345026,N-8835-UV,356307048831001,FM-1202+J,081515267463,345:{1},"2021-07-13 07:37:15.83","2021-07-13 07:41:53.038",Update,
523011,Doosan-A,352093082755074,FMA,08113457241,523:{2},"2021-07-13 08:42:20","2021-07-13 08:42:22.555",Update,
309019,N-9442-TH,352093083272855,FMA,08553204619,309:{9},"2021-07-13 08:14:43","2021-07-13 08:14:48.04",Update,
503026,"F 36",352094089192287,FMA,081514380719,503:{1}," null"," null"," Tidak ada data di RAW"
319009,L-9524-V,352848024086064,FM-32,081132218951,319:{1},"2021-07-13 08:39:27.141","2021-07-13 08:40:03.146",Update,
511002,DZ-152,352848025099629,FM-32,08553210902,511:{2},"2021-07-07 23:44:22.511","2021-07-07 23:44:32.449","CPU Reset Recomendation","RW 05 - Tandes - Tandes"
385019,L-9676-T,356307048771991,FM-1202+J,081515272601,385:{3},"2021-07-13 08:31:33","2021-07-13 08:32:13.564",Update,
215010,DR-8640-G,864403041491060,FM-36,081132006576,215:{0},"2021-07-13 08:40:34","2021-07-13 08:40:56.732",Update,
385004,L-8457-AY,356307048764475,FM-1202+J,081515274863,385:{4}," null"," null"," Tidak ada data di RAW"
345012,L-8651-UB,357454076229382,FM-1202,08553210387,345:{1},"2021-07-13 08:19:14","2021-07-13 08:19:30.482",Update,
523031,R55,357454075078699,FM-1202,08113457236,523:{2},"2021-07-12 05:59:46","2021-07-12 05:59:51.422","CPU Reset Recomendation","Samplangan - Bali - 80614"
511177,273,352093083119023,FMA,081514017718,511:{1;10},"2021-06-23 00:56:12","2021-06-23 00:56:31.659","CPU Reset Recomendation","Serangan - Denpasar - Bali"
541074,F3-23,352093083272830,FMA,081514017648,541:{4}," null"," null"," Tidak ada data di RAW"
397005,W-9195-NO,357454076232832,FM-1202,081514388982,397:{1}," null"," null"," Tidak ada data di RAW"
541036,PC200-07,357454073176792,FM-1202,081519764856,541:{3}," null"," null"," Tidak ada data di RAW"
211005,B-9744-UEW,864403041516486,FM-36,08551838330,211:{1},"2021-07-13 08:41:25","2021-07-13 08:41:46.842",Update,
301043,L-9950-N,356307046147582,FM-1200,08551838366,301:{13},"2021-07-13 05:09:06.02","2021-07-13 05:34:50.443",Update,
359003,L-1695-PZ,352848027688205,FM-32,08553206239,359:{1},"2021-07-13 05:34:27.421","2021-07-13 05:36:32.847",Update,
369004,L-9627-NE,352094089366691,FMA,081554100501,369:{1},"2021-07-13 08:26:33","2021-07-13 08:26:50.788",Update,
31091,L-18-RL,356307045620100,FM-1200,085851201354,31:{15},"2021-07-13 05:02:06.55","2021-07-13 05:02:27.408",Update,
309055,N-9347-TH,352848027662234,FM-42,08553205655,309:{1},"2021-07-13 08:43:12.308","2021-07-13 08:43:20.172",Update,
501033,E161,356307046149711,FM-1200,08553210866,501:{12},"2021-07-13 08:38:25","2021-07-13 08:38:46.185",Update,
516008,"TB 01",356173062952184,FM-1202+J,081542002617,516:{1}," null"," null"," Tidak ada data di RAW"
511044,72,352848026179560,FM-32,08553210954,511:{5},"2021-07-13 08:33:59.011","2021-07-13 08:34:17.201",Update,
385014,L-9745-UP,356307048842297,FM-1202+J,08164298116,385:{1},"2021-07-13 08:39:27.13","2021-07-13 08:39:32.159",Update,
523024,PC78-E,356173061695461,FM-1202+J,08113107109,523:{2},"2021-07-13 08:35:40.13","2021-07-13 08:35:51.523",Update,
541024,D4C-01,357454072889874,FM-1202,08158329406,541:{2},"2015-01-01 00:00:35","2021-07-11 04:31:23.701","CPU Reset Recomendation","RW 01 - Benowo - Benowo"
395006,"BIS. 6 EA-7798-A",357454075060267,FM-1202,081519764553,2:{0}," null"," null"," Tidak ada data di RAW"
541014,F15-1,357454072301649,FM-1202,08158329442,541:{4},"2021-07-13 06:52:56","2021-07-13 07:03:38.43",Update,
511014,161,352848025231560,FM-32,08553210924,511:{3}," null"," null"," Tidak ada data di RAW"
355010,"T 30",356307048801236,FM-1202+J,08553205917,355:{3},"2021-07-13 04:10:01.94","2021-07-13 04:14:48.683",Update,
301035,B-9773-FH,352848029528961,FM-42,08553202284,301:{13},"2021-07-12 21:21:34.153","2021-07-12 21:25:01.831","CPU Reset Recomendation","RW 02 - Asemrowo - Asemrowo"
511186,A06,352093082793877,FMA,08551838386,511:{11},"2021-07-13 08:35:06","2021-07-13 08:35:09.89",Update,
355020,"T 50",356173066137824,FM-1202+J,08158096188,355:{2},"2021-07-13 08:28:19.31","2021-07-13 08:28:31.433",Update,
345022,L-8369-UX,356307048819360,FM-1202+J,081515272730,345:{1},"2021-07-13 08:42:53","2021-07-13 08:43:10.098",Update,
317002,Z-9007-LG,353976013098318,FM-41,08553201784,317:{3}," null"," null"," Tidak ada data di RAW"
347001,S-9081-T,352848027468038,FM-42,08553210986,347:{0}," null"," null"," Tidak ada data di RAW"
503028,F-01,352094089716978,FMA,081514387273,503:{1}," null"," null"," Tidak ada data di RAW"
511016,158,352848026250007,FM-32,08553210926,511:{3},"2021-05-09 03:59:20.29","2021-05-09 03:59:44.608","CPU Reset Recomendation","RW 05 - Tandes - Tandes"
395008,"BIS. 8 EA-7379-A",357454076235108,FM-1202,08155257478,2:{0}," null"," null"," Tidak ada data di RAW"
541042,TRL-01,357454075062917,FM-1202,081519764611,541:{5}," null"," null"," Tidak ada data di RAW"
315006,"L-1658-CG	",864403041519712,FM-36,08551838385,315:{1},"2021-07-13 08:44:04","2021-07-13 08:44:23.143",Update,
511024,150,352848026179198,FM-32,08553210934,511:{2},"2021-07-13 08:37:40.301","2021-07-13 08:38:04.737",Update,
511180,275,352093082632505,FMA,081514017732,511:{0;10},"2021-07-13 08:39:00","2021-07-13 08:39:03.466",Update,
309007,N-9023-TJ,352848023021450,FM-32,08553204607,309:{3},"2021-07-09 02:12:48.503","2021-07-09 02:12:59.987","CPU Reset Recomendation","Gempol - Pasuruan - Jawa Timur"
309051,N-8701-TD,352093082775445,FM-42,08553205651,309:{3},"2021-07-09 02:09:34","2021-07-09 02:09:47.907","Battery Power Low (66,2993)","Gempol - Pasuruan - Jawa Timur"
309013,L-8136-WS,352848023144682,FM-32,08553204613,309:{2},"2021-07-08 08:47:10.951","2021-07-08 08:47:46.466","CPU Reset Recomendation","Jeruk Purut - Pasuruan - Jawa Timur"
301039,L-8130-RN,356307045617403,FM-1200,08553202288,301:{13},"2021-07-13 08:44:13.74","2021-07-13 08:44:20.216",Update,
317003,Z-9007-KX,352848024262178,FM-32,08553201787,317:{4}," null"," null"," Tidak ada data di RAW"
511100,146,352848026176657,FM-32,08553206623,511:{2}," null"," null"," Tidak ada data di RAW"
543003,DR-8757-AB,356173063389337,FM-1200,08113525579,543:{1}," null"," null"," Tidak ada data di RAW"
215009,DR-8606-AH,867060031290634,FM-36,081132006577,215:{0},"2021-07-13 08:26:14","2021-07-13 08:26:37.164",Update,
503019,"J 08",356307046420518,FM-32,08553206235,503:{4},"2021-05-19 08:36:42.43","2021-05-19 08:37:03.365","CPU Reset Recomendation","RW 07 - Perak Barat - Krembangan"
353007,L-9628-UK,352094085737325,FMA,081514007244,353:{1},"2021-07-03 17:16:11","2021-07-03 17:16:23.235","CPU Reset Recomendation","Ngampel - Bojonegoro - Jawa Timur"
523036,CA-151,352093082655282,FMA,08113457242,523:{2},"2021-07-02 09:21:36","2021-07-02 09:21:48.057","Battery Power Low (66,0)","Beraban - Bali - 82121"
317012,"C 2507",356307046110481,FM-1200,08553201812,317:{8}," null"," null"," Tidak ada data di RAW"
389004,L-9754-UR,356173062962878,FM-1202+J,081515275024,389:{1}," null"," null"," Tidak ada data di RAW"
503010,"Kalmar 10",352093083264365,FMA,081514008339,503:{2}," null"," null"," Tidak ada data di RAW"
309022,N-9185-TI,352094087854813,FM-32,08553204622,309:{3},"2021-07-09 02:08:50","2021-07-09 02:09:04.895","Battery Power Low (66,2984)","Gempol - Pasuruan - Jawa Timur"
331008,W-9210-NW,357454076231487,FM-32,08553204378,331:{2},"2021-07-13 08:25:14","2021-07-13 08:25:35.999",Update,
511162,260,352094089366006,FMA,081514380737,511:{4},"2021-07-08 12:29:28","2021-07-08 12:29:45.712","CPU Reset Recomendation","RW 05 - Tandes - Tandes"
309028,L-9318-WE,352848024167336,FM-32,08553204628,309:{6}," null"," null"," Tidak ada data di RAW"
317044,Z-9007-KA,356307045740353,FM-1200,085851201348,317:{6}," null"," null"," Tidak ada data di RAW"
317028,Z-9007-HV,352848027880935,FM-32,08553205575,317:{6}," null"," null"," Tidak ada data di RAW"
521019,"HITACHI LONGAN",352094086738199,FMA,081514389086,521:{2}," null"," null"," Tidak ada data di RAW"
309010,N-9147-TJ,352848023020429,FM-32,08553204610,309:{3},"2021-07-09 01:57:36.381","2021-07-09 01:58:05.653","CPU Reset Recomendation","Gempol - Pasuruan - Jawa Timur"
511169,266,352093082650200,FMA,081514007251,511:{1},"2021-07-13 08:23:14","2021-07-13 08:23:34.383",Update,
541001,"PC78-02 ",356173063740596,FM-1202,081574085621,541:{3},"2021-02-11 09:07:53","2021-02-11 09:08:07","CPU Reset Recomendation","RW 02 - Dukuh Pakis - Dukuh Pakis"
309002,N-8407-TD,356173062950196,FM-32,08553204602,309:{1},"2021-07-13 07:56:25.43","2021-07-13 07:56:43.721",Update,
315004,L-1763-CG,356173066174744,FM-1202+J,081575097678,315:{1},"2021-07-13 08:20:33","2021-07-13 08:20:47.484",Update,
309039,B-9175-UCN,352094082645489,FM-32,08553205639,309:{7},"2021-07-10 07:04:41","2021-07-13 06:40:54.064",Update,
345016,L-8136-UE,356307045618211,FM-1202+J,081542002629,345:{1},"2021-07-13 07:46:20.49","2021-07-13 07:57:56.582",Update,
205004,L-9069-W,356307046422845,FM-1200,081515274772,205:{1}," null"," null"," Tidak ada data di RAW"
331010,L-9871-BG,352848023089176,FM-32,08553204380,331:{1;3},"2021-07-13 08:44:27.501","2021-07-13 08:45:08.11",Update,
331007,W-8997-NE,352848023141381,FM-32,08553204377,331:{2},"2021-07-13 08:40:10.12","2021-07-13 08:40:38.92",Update,
309062,N-8536-TD,356307048819451,FM-1202+J,08158171378,309:{4},"2021-07-13 08:40:44.12","2021-07-13 08:41:00.635",Update,
309029,N-9767-TI,352848024177806,FM-32,08553204629,309:{6}," null"," null"," Tidak ada data di RAW"
389002,"G 70",356173061758863,FM-1202+J,081515242402,389:{1}," null"," null"," Tidak ada data di RAW"
501031,L-9556-UZ,353976012678375,FM-42,08553205582,501:{7}," null"," null"," Tidak ada data di RAW"
511056,176,352848026098240,FM-32,08551838408,511:{0;6},"2021-07-13 07:44:12.091","2021-07-13 07:44:31.058",Update,
511134,186,356173063752732,FM-1202,08157615645,511:{3},"2021-07-08 03:58:55.81","2021-07-08 03:59:11.924","CPU Reset Recomendation","Macanan - Nganjuk - Jawa Timur"
511163,261,352094088721854,FMA,081514018460,511:{0;10},"2021-07-13 08:47:00","2021-07-13 08:47:04.568",Update,
309015,L-8021-ZV,352848023180512,FM-32,08553204615,309:{5},"2021-07-09 02:24:07.121","2021-07-09 02:25:05.15","CPU Reset Recomendation","Jeruk Purut - Pasuruan - Jawa Timur"
511039,78,352848026182986,FM-32,08553210949,511:{10},"2021-07-13 08:32:57.911","2021-07-13 08:38:56.064",Update,
317030,Z-9007-LF,356307046115050,FM-1200,08553205577,317:{4}," null"," null"," Tidak ada data di RAW"
501013,Z-9998-HD,353976013859412,FM-41,08553201833,501:{7}," null"," null"," Tidak ada data di RAW"
501036,B106,356173062892232,FM-42,08553211020,501:{11}," null"," null"," Tidak ada data di RAW"
309008,"N 9844 TE",352848023019538,FM-32,08553204608,309:{6},"2021-07-13 08:43:37.08","2021-07-13 08:44:04.05",Update,
501005,F111,352848028785570,FM-32,08553205585,501:{15},"2021-07-13 08:44:51.023","2021-07-13 08:45:05.48",Update,
331001,W-8082-X,352848022483438,FM-32,08553204371,331:{2},"2021-07-12 08:18:43.72","2021-07-12 08:24:10.666","CPU Reset Recomendation","Bringinbendo - Taman - Sidoarjo"
385002,L-9502-UP,356307048797855,FM-1202+J,08164298090,385:{2},"2021-07-13 08:47:06","2021-07-13 08:47:09.05",Update,
385013,L-9786-ND,356307048838311,FM-1202+J,081553168982,385:{1},"2021-07-13 08:37:56.54","2021-07-13 08:38:14.757",Update,
511184,279,867060035299250,FM-36,081514008570,511:{1},"2021-07-13 08:43:45","2021-07-13 08:44:02.84",Update,
331002,W-8729-NW,352848022483677,FM-32,08553204372,331:{1},"2021-07-13 08:11:40.621","2021-07-13 08:12:04.286",Update,
309027,N-9823-TE,352848024232866,FM-32,08553204627,309:{6},"2021-07-13 08:42:01.141","2021-07-13 08:42:16.586",Update,
503014,"J 04",352848022488361,FM-32,08553209146,503:{4}," null"," null"," Tidak ada data di RAW"
541044,F5-11,357454075059483,FM-1202,08155265495,541:{4}," null"," null"," Tidak ada data di RAW"
200119,"L-1289-EO Veloz",352094089899287,FMA,08551838373,200:{1;10}," null"," null"," Tidak ada data di RAW"
309036,B-9790-TCG,352094089652439,FM-32,08553204636,309:{1;7},"2021-07-12 08:58:01","2021-07-13 06:20:14.984",Update,
511146,251,357454073090902,FM-1202,081519764520,511:{3},"2021-07-13 08:31:43","2021-07-13 08:32:20.23",Update,
511073,182,352848027847025,FM-32,08553206578,511:{0;8},"2021-06-22 09:33:22.941","2021-06-22 09:36:41.329","CPU Reset Recomendation","Keniten - Ponorogo - Jawa Timur"
511111,179,356307046419585,FM-1200,081513701449,511:{0;4},"2021-06-29 11:55:10","2021-06-29 11:55:28.087","CPU Reset Recomendation","Tumapel - Gresik - Jawa Timur"
309045,N-9329-TH,352094086269872,FM-32,081514007265,309:{9},"2021-07-13 08:48:40","2021-07-13 08:48:55.201",Update,
211001,B-9581-UEW,352093082564328,FMA,081132275066,211:{1},"2021-07-13 08:48:46","2021-07-13 08:48:57.233",Update,
215001,"L 9372 BZ",867060031247063,FM-36,081132275051,215:{0},"2021-07-13 08:48:48","2021-07-13 08:49:07.003",Update,
357001,"160 [W-8048-NX]",352848029424195,FM-42,08113593507,357:{1},"2021-07-13 08:44:49.368","2021-07-13 08:46:35.915",Update,
355007,"T 46",356173061695156,FM-1202,081515270281,355:{2},"2021-07-13 08:49:15.12","2021-07-13 08:49:18.095",Update,
511031,117,352848026178521,FM-32,08553210941,511:{4},"2021-07-13 08:43:45.501","2021-07-13 08:46:57.608",Update,
511023,A01,352848026183539,FM-32,08553210933,511:{4}," null"," null"," Tidak ada data di RAW"
523021,Sany-A,356307047600340,FM-1202+J,08113101697,523:{2},"2021-06-30 03:52:42.52","2021-06-30 03:54:37.804","CPU Reset Recomendation","Sibang Kaja - Bali - Indonesia"
501025,"E151 Kbt",352094088668147,FMA,081514008165,501:{0},"2021-07-12 18:45:29","2021-07-12 18:53:55.336","Battery Power Low (66,4956)"," -  - "
331011,L-8284-LH,352093082787127,FM-1200,08553206456,331:{4},"2021-07-13 08:47:17","2021-07-13 08:47:49.158",Update,
317005,Z-9007-HT,356307045648226,FM-1200,085851201343,317:{4}," null"," null"," Tidak ada data di RAW"
399005,L-9784-BR,867060031236157,FM-36,081132261473,399:{0},"2021-07-13 08:37:33","2021-07-13 08:38:09.464",Update,
309054,L-9487-AK,352094089802943,FM-42,08553205654,309:{4},"2021-07-13 08:38:21","2021-07-13 08:38:25.47",Update,
309063,N-8615-TD,356307048773682,FM-1202+J,08551838375,309:{4},"2021-07-13 00:43:40","2021-07-13 00:44:01.346",Update,
511050,99,356173063484088,FM-32,08553210960,511:{6},"2021-07-13 08:38:16","2021-07-13 08:38:29.4",Update,
501010,E103,356307046110879,FM-1200,081514007459,501:{0}," null"," null"," Tidak ada data di RAW"
387003,PAMP-06,356173061969346,FM-1202+J,081515274627,387:{1}," null"," null"," Tidak ada data di RAW"
503004,"F 07",352093083189521,FMA,081514008481,503:{2}," null"," null"," Tidak ada data di RAW"
387002,PAMP-02,356173061694092,FM-1202+J,081515274595,387:{1}," null"," null"," Tidak ada data di RAW"
357006,"165 [W-9104-NV]",356307046114905,FM-1200,081132020491,357:{1},"2021-07-13 08:47:33","2021-07-13 08:47:49.111",Update,
331003,W-8742-NS,352848022881045,FM-32,08553204373,331:{1},"2021-07-13 08:26:13.741","2021-07-13 08:26:47.487",Update,
355014,"T 24",356173066165130,FM-1202+J,081575098005,355:{3},"2021-07-13 08:43:31.34","2021-07-13 08:43:49.43",Update,
357003,"118 [W-9902-NR]",356307045617452,FM-1200,081131129934,357:{1},"2021-07-13 08:49:57","2021-07-13 08:50:12.689",Update,
511155,C.07,357454075062719,FM-1202,081519764601,511:{13},"2021-07-13 08:48:12","2021-07-13 08:48:16.247",Update,
511036,75,352848026183299,FM-32,081542002614,511:{10},"2021-07-05 07:50:38.071","2021-07-05 07:50:44.975","CPU Reset Recomendation","Bantas - Bali - Indonesia"
309064,N-8678-TD,356307048794191,FM-1202+J,08553204623,309:{4}," null"," null"," Tidak ada data di RAW"
395011,EA-7331-A,352094089405044,FMA,081514018511,2:{0}," null"," null"," Tidak ada data di RAW"
355018,"T 18",356173066132205,FM-1202+J,08158096180,355:{2},"2021-07-13 08:42:49.11","2021-07-13 08:43:01.009",Update,
511132,214,356173066114567,FM-1202+J,08158131060,511:{3},"2021-07-13 08:49:04.67","2021-07-13 08:49:07.108",Update,
511064,88,352848026159257,FM-32,08553206569,511:{7},"2021-07-13 08:42:43.981","2021-07-13 08:44:42.116",Update,
511173,268,352094089191776,FMA,081513701385,511:{0;1},"2021-07-13 08:43:19","2021-07-13 08:43:40.144",Update,
215011,"No.rangka 008869",864403041451890,FM-36,081132023088,215:{0},"2021-07-13 08:50:05","2021-07-13 08:50:30.09",Update,
395002,"BIS. 2 EA-7304-A",356173062881714,FM-1202+J,081515275042,2:{0}," null"," null"," Tidak ada data di RAW"
375005,"k 08",356307047689921,FM-21,081515269835,375:{6}," null"," null"," Tidak ada data di RAW"
501020,L-9814-W,352848027606959,FM-32,08553201840,501:{16}," null"," null"," Tidak ada data di RAW"
501041,L-9965-UU,356307048938558,FM-1202+J,081514007443,501:{7}," null"," null"," Tidak ada data di RAW"
309066,N-9824-TE,356173063431824,FM-1200,08157613438,309:{4},"2021-07-13 08:25:44.3","2021-07-13 08:26:04.302",Update,
511182,262,867060034789939,FM-36,081514015407,511:{1},"2021-07-13 08:46:29","2021-07-13 08:46:31.537",Update,
511006,138,352848025200300,FM-32,08553210906,511:{2}," null"," null"," Tidak ada data di RAW"
511127,140,356173062859751,FM-1202+J,081584148417,511:{2}," null"," null"," Tidak ada data di RAW"
503005,"F 06",356173061401175,FM-1202,08553204082,503:{2},"2021-07-13 08:50:14.45","2021-07-13 08:50:24.194",Update,
395003,"BIS. 3 EA-7383-A",357454075063063,FM-1202,081519764616,2:{0}," null"," null"," Tidak ada data di RAW"
541039,PC78-09,357454075061489,FM-1202,081519764735,541:{3}," null"," null"," Tidak ada data di RAW"
511171,267,352093082786665,FMA,08551838399,511:{0;1},"2021-07-13 08:42:21","2021-07-13 08:42:32.488",Update,
211010,"B-9881-UEW	",864403042837337,FM-36,08551838443,211:{1},"2021-07-13 08:48:39","2021-07-13 08:48:55.527",Update,
355008,"T 28",356307047600662,FM-1202,081515270386,355:{2},"2021-07-13 08:44:25.98","2021-07-13 08:45:21.812",Update,
359002,L-1813-KO,352848027879358,FM-32,08553210985,359:{1},"2021-07-13 08:49:46.601","2021-07-13 08:49:57.586",Update,
399004,S-8178-SB,867060031220847,FM-36,081513701435,399:{0},"2021-07-13 08:31:01","2021-07-13 08:31:03.958",Update,
349001,L-8229-BO,352848027609045,FM-32,081553914301,349:{1},"2021-07-13 08:47:06.071","2021-07-13 08:47:17.461",Update,
511025,A03,352848026241527,FM-32,08553210935,511:{11},"2021-06-29 11:23:31.33","2021-06-29 11:23:50.529","CPU Reset Recomendation","Kesiman Petilan - Denpasar - Bali"
541054,F3-7,352094089039488,FMA,081514018965,541:{4}," null"," null"," Tidak ada data di RAW"
355006,"T 44",356307047601793,FM-1202,081515270392,355:{2},"2021-07-13 08:48:50.29","2021-07-13 08:49:10.265",Update,
331012,W-9169-NA,356173061972118,FM-1200,08553206457,331:{1},"2021-07-13 08:43:01.18","2021-07-13 08:43:20.74",Update,
521003,Ageng,352848026298055,FM-42,081553914283,521:{2},"2021-07-13 08:49:37.537","2021-07-13 08:50:05.989",Update,
331005,W-1725-S,352848022494765,FM-32,08553204375,331:{2},"2021-07-13 04:31:14.121","2021-07-13 04:53:02.634",Update,
355001,"T 34",352848029494107,FM-42,081553914211,355:{2},"2021-07-13 08:50:21.756","2021-07-13 08:50:53.292",Update,
387004,PAMP-05,356173061968074,FM-1202+J,081515274833,387:{1}," null"," null"," Tidak ada data di RAW"
516009,"TB 07",356173062954800,FM-1202+J,081542002610,516:{1}," null"," null"," Tidak ada data di RAW"
355028," L-1958-DA",356173065025871,FM-1200,081575098210,355:{1},"2021-07-13 08:50:08.47","2021-07-13 08:50:28.076",Update,
309044,B-9193-BRU,356173061968058,FM-1202,08553205644,309:{7},"2021-07-13 08:26:16","2021-07-13 08:26:35.759",Update,
511168,265,352094089878257,FMA,081514008633,511:{0;10},"2021-05-24 10:21:32","2021-05-24 10:26:37.793","CPU Reset Recomendation","Serangan - Denpasar - Bali"
375011,"M 04",356307048799414,FM-1202+J,081515245409,375:{1}," null"," null"," Tidak ada data di RAW"
521013,Sugeng,356173061968306,FM-1200,08551838468,521:{1}," null"," null"," Tidak ada data di RAW"
509004,RS4,356173065747151,FM-32,08553211031,509:{1},"2021-07-12 01:55:29","2021-07-12 01:55:32.307","CPU Reset Recomendation","RW 07 - Perak Utara - Pabean Cantian"
501016,C2509,356173066169066,FM-32,08553201836,501:{8},"2021-07-13 08:35:27","2021-07-13 08:35:32.578",Update,
516002,"TB 04",356173062884395,FM-1202+J,081584148378,516:{1}," null"," null"," Tidak ada data di RAW"
309024,N-9910-TH,352848024257046,FM-32,08553204624,309:{4},"2021-07-13 08:51:39.831","2021-07-13 08:52:21.055",Update,
393004,CADANGAN(L-8177-EO),356173062968669,FM-1202+J,081542002635,393:{0},"2021-07-13 07:31:18.63","2021-07-13 07:33:17.115",Update,
211006,B-9785-UEW,864403041497604,FM-36,08551838335,211:{1},"2021-07-13 08:51:46","2021-07-13 08:52:09.998",Update,
367002,B-9510-UU,352848026837647,FM-42,08553223739,367:{1},"2021-07-13 08:51:21.141","2021-07-13 08:52:05.977",Update,
353012,B-9721-BEU,867060031256304,FM-36,081132006554,353:{1},"2021-07-13 08:41:30","2021-07-13 08:41:51.829",Update,
543001,DR-8565-AA,356173066172029,FM-1200,081574085620,543:{1}," null"," null"," Tidak ada data di RAW"
523032,D3G-A,352094088324923,FMA,08113457237,523:{2},"2021-07-11 08:58:44","2021-07-11 08:58:46.462","CPU Reset Recomendation","Beraban - Bali - 82121"
357010,"171 [W-8378-ND]",357454073175638,FM-1202,081131129936,357:{1},"2021-07-13 08:52:06","2021-07-13 08:52:29.22",Update,
401002,L-9839-AT,867060034756201,FM-36,081513701394,401:{0},"2021-07-13 08:52:00","2021-07-13 08:52:23.353",Update,
511045,L-09,352848026178307,FM-32,08553210955,511:{14},"2021-07-13 08:24:40.121","2021-07-13 08:25:07.773",Update,
541065,F2.5-5,352093082640102,FMA,081514007811,541:{4}," null"," null"," Tidak ada data di RAW"
353001,L-9127-UQ,356307046111646,FM-32,08553211023,353:{1},"2021-07-13 08:22:06.63","2021-07-13 08:22:20.438",Update,
511108,202,356173061712852,FM-1202+J,08551838398,511:{0;2},"2021-07-13 08:47:38","2021-07-13 08:47:40.84",Update,
541062,F3-12,352093082633891,FMA,081514007605,541:{4}," null"," null"," Tidak ada data di RAW"
521005,VIBRO,356307045618468,FM-1200,081553914285,521:{2},"2021-07-13 08:20:24.34","2021-07-13 08:20:28.017",Update,
355013,"T 48",356307048790256,FM-1202+J,081515270656,355:{2},"2021-07-13 08:48:57.27","2021-07-13 08:49:07.701",Update,
503016,"F 12",352848022483537,FM-32,08553209148,503:{4},"2021-06-30 17:07:16.111","2021-06-30 17:55:03.651","CPU Reset Recomendation","Ancol - Pademangan - Jakarta Utara"
385006,L-9258-T,356307048798366,FM-1202+J,08164283073,385:{1},"2021-07-13 08:50:39.84","2021-07-13 08:50:43.808",Update,
501034,E102,356307046149737,FM-1200,08553211018,501:{2},"2021-07-13 08:27:09.63","2021-07-13 08:27:13.632",Update,
509005,RS5,356307046141700,FM-1200,081553470251,509:{1},"2021-07-13 08:18:14.08","2021-07-13 08:29:24.829",Update,
547002,W-9008-UG,357454076232964,FM-1202,081514388958,547:{1},"2021-07-13 04:54:16","2021-07-13 04:54:53.644",Update,
215004,"DR 8593 AG",864403042117987,FM-36,081132275049,215:{0},"2021-07-13 08:51:45","2021-07-13 08:52:12.846",Update,
349003,KT-8245-KL,352848026294146,FM-42,081553914303,349:{1}," null"," null"," Tidak ada data di RAW"
215003,"L 9370 BZ",867060034761391,FM-36,081132275054,215:{0},"2021-07-13 08:52:38","2021-07-13 08:52:43.065",Update,
503025,"F 35",352094089717257,FMA,081514388564,503:{1}," null"," null"," Tidak ada data di RAW"
211007,R-1580-JK,864403043520882,FM-36,08551838352,211:{1},"2021-07-13 08:53:28","2021-07-13 08:53:46.153",Update,
211007,R-1580-JK,864403043520882,FM-36,08551838352,211:{1},"2021-07-13 08:53:28","2021-07-13 08:53:46.153",Update,
345019,L-8839-UD,356307047689830,FM-1202+J,081515269753,345:{1},"2021-07-13 08:46:15.65","2021-07-13 08:46:20.109",Update,
385008,L-9501-UP,356307048765191,FM-1202+J,08164298085,385:{1},"2021-07-13 08:40:34.45","2021-07-13 08:40:56.796",Update,
501040,E163,356173066173159,FM-32,08553210867,501:{15},"2021-07-13 07:56:30","2021-07-13 07:56:44.998",Update,
511079,C.05,352848026421012,FM-32,08553206584,511:{13},"2021-07-05 08:07:35.071","2021-07-05 08:08:00.364","CPU Reset Recomendation","RW 05 - Tandes - Tandes"
301044,L-9361-P,356307045615274,FM-1200,085851201373,301:{13},"2021-07-13 08:35:29.4","2021-07-13 08:35:42.024",Update,
353010,B-9318-PEU,867060031279751,FM-36,08551838496,353:{1},"2021-07-13 08:47:43","2021-07-13 08:47:45.033",Update,
31071,L-1677-QT,356307045896767,FM-1200,081554100463,31:{12},"2021-07-13 08:39:11.28","2021-07-13 08:39:22.023",Update,
511085,180,356173066176046,FM-1202,08553206605,511:{0;12},"2021-07-13 08:50:01","2021-07-13 08:50:05.982",Update,
541010,PC200-01,357454072887332,FM-1202,081574085617,541:{3},"2021-07-13 08:53:47","2021-07-13 08:54:06.646",Update,
541055,F7-7,352094089403247,FMA,081514389053,541:{4}," null"," null"," Tidak ada data di RAW"
345007,L-9379-UL,356307048828544,FM-1202,08553210382,345:{2},"2021-07-13 08:40:44","2021-07-13 08:41:02.01",Update,
501019,E073(B),356307046109574,FM-1200,08553205589,501:{12},"2021-07-13 08:52:16","2021-07-13 08:52:18.351",Update,
357004,"169 [W-9089-NV]",356307045617627,FM-1200,081131129926,357:{1},"2021-07-13 08:53:40","2021-07-13 08:53:58.566",Update,
345027,L-8185-UY,356307048819238,FM-1202+J,081515272903,345:{1},"2021-02-26 02:35:16","2021-02-26 02:38:37","CPU Reset Recomendation","Tlogorejo - Demak - Jawa Tengah"
309034,H-8099-GA,352848024117703,FM-32,08553204634,309:{1;6},"2021-07-13 08:51:10.104","2021-07-13 08:51:52.089",Update,
357005,"167 [W-9080-NV]",356307045617213,FM-1200,081132021194,357:{1},"2021-07-13 08:50:20","2021-07-13 08:50:33.93",Update,
511055,73,352848026179800,FM-32,08553210965,511:{6},"2021-07-13 08:53:37.46","2021-07-13 08:53:55.564",Update,
516005,"TB 03",356173062968875,FM-1202+J,081514389096,516:{1}," null"," null"," Tidak ada data di RAW"
523004,SK200-8A,356307047678890,FM-42,08113370577,523:{2},"2021-07-13 08:53:20","2021-07-13 08:53:32.283",Update,
345014,L-9153-UZ,356307045620274,FM-1200,08553210389,345:{1},"2021-07-13 08:34:24.63","2021-07-13 08:35:11.432",Update,
355021,"T 26",356173066130522,FM-1202+J,081575098242,355:{2},"2021-07-13 08:43:57.31","2021-07-13 08:44:12.011",Update,
365003,L-9632-BI,356307046140322,FM-42,08553211028,365:{1},"2021-07-13 08:15:23.87","2021-07-13 08:16:22.784",Update,
511043,160,352848026159117,FM-32,08553210953,511:{5}," null"," null"," Tidak ada data di RAW"
503020,"J 09",352848027472360,FM-32,08553211011,503:{4},"2021-04-27 07:59:58.51","2021-04-28 02:38:19.818","CPU Reset Recomendation","Semper Barat - Cilincing - Jakarta Utara"
357014,"164 [W-8749-NF]",357454073172312,FM-1202,081132020492,357:{1},"2021-07-13 08:52:18","2021-07-13 08:52:30.301",Update,
353003,L-8959-UE,357454075216927,FM-1202,08164283078,353:{1},"2021-07-13 08:37:22","2021-07-13 08:42:03.101",Update,
217003,L-9960-UI,867060031236355,FM-36,081513701432,217:{0},"2021-07-13 08:53:20","2021-07-13 08:53:35.433",Update,
353011,B-9457-KEU,867060034755823,FM-36,08551838313,353:{1},"2021-07-13 08:31:49","2021-07-13 08:32:16.394",Update,
215007,DR-8092-AJ,867060031235365,FM-36,081132006579,215:{0},"2021-07-13 08:54:10","2021-07-13 08:54:28.414",Update,
31191,L-1576-VG,352848025224508,FM-32,081132006550,31:{36},"2021-07-12 03:43:36.361","2021-07-12 03:44:11.597","CPU Reset Recomendation","Graha Famili - Pradahkali Kendal - Dukuh Pakis"
533001,Excavator,356307048840580,FM-42,08113143466,533:{1},"2021-07-13 08:42:00","2021-07-13 08:55:19.865",Update,
501039,F113,352848027877170,FM-32,08553201839,501:{15}," null"," null"," Tidak ada data di RAW"
309021,"N 9554 TH",356307048932619,FM-32,081519764746,309:{13},"2021-07-13 07:57:27","2021-07-13 07:57:30.717",Update,
385007,L-9750-T,356307048799968,FM-1202+J,081553169101,385:{1}," null"," null"," Tidak ada data di RAW"
375008,L-04,356307048937139,FM-1202+J,081519764810,375:{1}," null"," null"," Tidak ada data di RAW"
369003,S-8162-RB,352848020794489,FM-42,081513701503,369:{1},"2021-07-13 08:53:39.642","2021-07-13 08:53:46.765",Update,
205010,L-9806-GB,357454073082123,FM-1200,081519764527,205:{1},"2021-07-13 08:55:08","2021-07-13 08:55:22.12",Update,
355024,"T 22",356173066130050,FM-1202+J,08158096145,355:{3},"2021-07-13 08:54:11.01","2021-07-13 08:54:25.832",Update,
211003,R-1610-KK,867060034755161,FM-36,081514016451,211:{1},"2021-07-13 08:55:27","2021-07-13 08:55:45.564",Update,
355005,"T 42",352848029520976,FM-42,081553914215,355:{2},"2021-07-13 08:54:10.376","2021-07-13 08:54:50.228",Update,
385017,L-8459-AY,356307048822356,FM-1202+J,081553168640,385:{4}," null"," null"," Tidak ada data di RAW"
211004,R-1611-KK,867060034764163,FM-36,081514016509,211:{1},"2021-07-13 08:51:36","2021-07-13 08:51:55.047",Update,
215002,"L 9371 BZ",867060031216472,FM-36,081132275052,215:{0},"2021-07-13 08:53:13","2021-07-13 08:53:36.266",Update,
357012,"163 [W-8207-ND]",357454073167569,FM-1202,081132021200,357:{1},"2021-07-13 08:53:59","2021-07-13 08:54:15.438",Update,
501045,C2506,356173065870839,FM-1202,081515274369,501:{8},"2021-07-13 08:44:40","2021-07-13 08:44:44.12",Update,
365002,L-8107-JW,356307045725248,FM-42,08553206240,365:{1},"2021-07-13 08:15:42.68","2021-07-13 08:15:58.545",Update,
309004,N-9627-T,356307048836596,FM-32,08553204604,309:{1},"2021-07-13 08:46:19","2021-07-13 08:46:34.912",Update,
211008,B-9885-UEW,864403043394528,FM-36,08551838358,211:{1},"2021-07-13 08:55:26","2021-07-13 08:55:43.328",Update,
211008,B-9885-UEW,864403043394528,FM-36,08551838358,211:{1},"2021-07-13 08:55:26","2021-07-13 08:55:43.328",Update,
357009,"156 [W-9401-P]",357454073090449,FM-1202,081131129947,357:{1},"2021-07-13 08:55:00","2021-07-13 08:55:13.82",Update,
357009,"156 [W-9401-P]",0,FM-1202,081131129947,357:{1}," null"," null"," Tidak ada data di RAW"
393001,IPIN(L-9334-E),356173062955435,FM-1202+J,081584148402,393:{0}," null"," null"," Tidak ada data di RAW"
319011,L-9323-Z,352848028782163,FM-32,081132218967,319:{1},"2021-07-13 08:51:53.52","2021-07-13 08:52:06.608",Update,
357008,"168 [W-9087-NV]",357454073084327,FM-1202,081132020490,357:{1},"2021-07-13 08:56:10","2021-07-13 08:56:31.062",Update,
357008,"168 [W-9087-NV]",0,FM-1202,081132020490,357:{1}," null"," null"," Tidak ada data di RAW"
547003,W-8663-UA,352093080211401,FMA,081514008560,547:{1},"2021-07-13 08:55:27","2021-07-13 08:55:45.572",Update,
511068,92,352848026331997,FM-32,08553206573,511:{7},"2021-07-13 08:54:22.711","2021-07-13 08:54:43.825",Update,
215005,L-9569-BW,867060031212448,FM-36,081132275053,215:{0},"2021-07-13 08:52:44","2021-07-13 08:54:09.66",Update,
357002,"152 [W-9311-NY]",352848027355235,FM-42,081553914232,357:{1},"2021-05-06 01:19:09.153","2021-05-06 01:19:37.501","CPU Reset Recomendation","Tambak Sawah - Waru - Sidoarjo"
211013,R-8071-OT,867060031276195,FM-36,08551892017,211:{1},"2021-07-13 08:55:50","2021-07-13 08:56:09.049",Update,
215006,L-8986-AG,867060031230960,FM-36,081132275034,215:{0},"2021-07-13 08:55:55","2021-07-13 08:56:18.298",Update,
501012,L-9458-UZ,356173062996579,FM-1202+J,081514010468,501:{7},"2021-07-13 08:51:44","2021-07-13 08:51:59.694",Update,
365004,L-8182-GL,356307046110358,FM-42,08553211029,365:{1},"2021-07-13 08:50:48.66","2021-07-13 08:55:11.169",Update,
211009,B-9883-UEW,864403042093683,FM-36,08551838402,211:{1},"2021-07-13 08:54:19","2021-07-13 08:54:35.266",Update,
211009,B-9883-UEW,864403042093683,FM-36,08551838402,211:{1},"2021-07-13 08:54:19","2021-07-13 08:54:35.266",Update,
385015,L-9151-BC,356307048774086,FM-1202+J,081515274903,385:{4},"2021-07-13 08:48:18.86","2021-07-13 08:48:57.781",Update,
345020,L-9952-UE,356307048826399,FM-1202+J,081515245381,345:{1},"2021-07-13 08:56:04.17","2021-07-13 08:56:23.924",Update,
369005,L-9404-UR,352093082564179,FMA,08551838488,369:{1}," null"," null"," Tidak ada data di RAW"
501002,"Z 9998 HA",356307045647590,FM-1200,081515245965,501:{7}," null"," null"," Tidak ada data di RAW"
345025,L-9711-UP,356307048794068,FM-1202+J,081515267219,345:{1},"2021-07-13 08:57:06.05","2021-07-13 08:57:21.317",Update,
205007,L-9755-Y,356307046420500,FM-1200,081542001658,205:{1}," null"," null"," Tidak ada data di RAW"
393003,KARYADI(L-9812-A),356173062881995,FM-1202+J,081542002616,393:{0}," null"," null"," Tidak ada data di RAW"
355023,L-1895-FE,356173065089182,FM-1202+J,08158096144,355:{1},"2021-07-13 08:52:55","2021-07-13 08:53:49.749",Update,
511019,145,352848026184842,FM-32,08553210929,511:{4}," null"," null"," Tidak ada data di RAW"
503029,"F 05",352094088664682,FMA,081514007450,503:{2}," null"," null"," Tidak ada data di RAW"
523001,B-9432-UIN,356307046420658,FM-1200,081553914261,523:{1},"2021-07-11 01:34:45.62","2021-07-13 02:03:45.759",Update,
309059,"N 9322 TH",356307046419528,FM-1200,085851201328,309:{2},"2021-06-29 03:25:50.61","2021-06-29 03:26:04.248","CPU Reset Recomendation","Gempol - Pasuruan - Jawa Timur"
365001,L-9337-BF,356307046109046,FM-42,08553206238,365:{1},"2021-07-13 08:00:59","2021-07-13 08:01:18.485",Update,
541005,D31P,356173062949776,FM-1200,08158320403,541:{4},"2021-07-12 02:57:02","2021-07-12 02:57:51.985","CPU Reset Recomendation","RW 05 - Perak Timur - Pabean Cantian"
205011,L-9155-L,352848029819022,FM-42,085851201368,205:{1}," null"," null"," Tidak ada data di RAW"
375002,G-05,356173063221001,FM-1200,081553470422,375:{1},"2021-06-09 08:12:09","2021-06-09 11:04:55.449","CPU Reset Recomendation","RW 01 - Asemrowo - Asemrowo"
309005,N-8881-TC,356307047689855,FM-32,08553204605,309:{1},"2021-07-13 08:37:01","2021-07-13 08:37:16.452",Update,
355011,"T 07",356307048932569,FM-1202+J,085851201333,355:{2},"2021-07-13 08:41:35.4","2021-07-13 08:41:50.152",Update,
345015,L-9253-UU,357454075008423,FM-1202,081514013832,345:{1},"2021-07-13 08:58:13","2021-07-13 08:58:25.528",Update,
373001,L-8108-PN,356307046149000,FM-1200,08158171423,373:{1},"2021-07-11 12:08:12.54","2021-07-11 12:08:34.13","CPU Reset Recomendation","RW 03 - Bubutan - Bubutan"
511071,194,352848026366035,FM-32,08553206576,511:{8},"2021-06-28 06:27:41.861","2021-06-28 06:28:19.907","CPU Reset Recomendation","RW 05 - Tandes - Tandes"
503017,"F 11",352848021637174,FM-32,08553209149,503:{2}," null"," null"," Tidak ada data di RAW"
385016,L-8456-AY,356307048828460,FM-1202+J,081515274869,385:{4},"2021-07-13 08:45:38.37","2021-07-13 08:45:55.042",Update,
541008,PC200-06,356173063742139,FM-1200,08158321016,541:{3}," null"," null"," Tidak ada data di RAW"
345024,L-8589-UF,356307048783939,FM-1202+J,081515272859,345:{1},"2021-07-13 08:39:06","2021-07-13 08:39:27.85",Update,
521015,L-8296-UK,356307046419767,FM-1200,08551838449,521:{1},"2021-07-13 08:39:41","2021-07-13 08:39:55.417",Update,
511112,L-01,357454073172437,FM-1200,08158171430,511:{14},"2021-07-13 08:58:30","2021-07-13 08:58:45.48",Update,
511137,217,356173066167524,FM-1202,08157615788,511:{7},"2021-07-13 08:56:06.72","2021-07-13 08:56:20.64",Update,
511105,C.10,352848027880521,FM-32,08553206624,511:{13},"2021-04-29 04:49:55.071","2021-04-29 04:50:07.466","CPU Reset Recomendation","RW 08 - Perak Barat - Krembangan"
211015,"KM. Cahaya Melimpah",867060031255959,FM-36,081132023751,211:{1;2},"2021-07-03 23:29:18","2021-07-04 01:07:49.635","CPU Reset Recomendation","Jawa Barat - Indonesia - id"
205009,L-9929-H,352848020794513,FM-42,085851201366,205:{1}," null"," null"," Tidak ada data di RAW"
511082,70,357454076231792,FM-1202,08553206602,511:{12},"2021-07-06 02:47:05","2021-07-06 02:47:18.098","CPU Reset Recomendation","RW 05 - Tandes - Tandes"
511051,173,352848026284782,FM-32,08113143469,511:{4}," null"," null"," Tidak ada data di RAW"
511115,187,352093082650275,FMA,08113370550,511:{2},"2021-07-13 08:31:40","2021-07-13 08:31:55.459",Update,
353008," L-9539-UK",352094086739452,FMA,081514007452,353:{1},"2021-07-13 08:45:14","2021-07-13 08:45:30.561",Update,
385003,L-9262-T,356307048765019,FM-1202+J,08164298089,385:{2},"2021-07-13 08:55:12","2021-07-13 08:55:25.197",Update,
355022,L-1539-VN,356173065051893,FM-1202+J,08158096133,355:{1},"2021-07-13 08:49:04","2021-07-13 08:49:53.4",Update,
511103,L-05,356307047689731,FM-1200,08553206614,511:{14},"2021-07-13 08:51:13.49","2021-07-13 08:51:35.154",Update,
523035,Doosan-B,352094088325888,FMA,08113457247,523:{2},"2021-07-13 08:56:38","2021-07-13 08:57:17.449",Update,
516001,"TM 20",356173062881672,FM-1202+J,081584148347,516:{1}," null"," null"," Tidak ada data di RAW"
523016,CRANE,352093082792622,FMA,081132218953,523:{2},"2021-06-01 04:00:28","2021-06-01 04:00:43.385","Battery Power Low (66,0)","Samplangan - Bali - 80614"
511131,213,356173066145298,FM-1202+J,08158160212,511:{3},"2021-06-10 02:56:19.93","2021-06-10 02:56:44.128","Battery Power Low (66,5923)","RW 05 - Tandes - Tandes"
399012,S-8194-SC,864403041497992,FM-36,081132023080,399:{0},"2021-07-13 08:52:49","2021-07-13 08:53:08.452",Update,
399012,S-8194-SC,864403041497992,FM-36,081132023080,399:{0},"2021-07-13 08:52:49","2021-07-13 08:53:08.452",Update,
309065,N-9861-TE,356173063429554,FM-1200,081575097877,309:{4},"2021-07-13 08:33:57.27","2021-07-13 08:34:22.481",Update,
345013,L-9589-UV,356307047601843,FM-1200,08553210388,345:{1},"2021-07-13 07:04:52.92","2021-07-13 07:10:22.522",Update,
355009,"T 09",356307048828627,FM-1202+J,081515245170,355:{2},"2021-07-13 08:46:47.47","2021-07-13 08:53:20.706",Update,
385001,L-8384-UT,356307047678874,FM-1202,08164298091,385:{1;2},"2021-07-13 08:56:49","2021-07-13 08:57:08.402",Update,
331015," W-1885-VN",357454073161901,FM-1202,081519764457,331:{1},"2021-07-13 08:53:00","2021-07-13 08:53:20.685",Update,
309057,W-9438-TH,356307048802200,FM-1202+J,08553205658,309:{6},"2021-07-13 08:46:59","2021-07-13 08:47:18.175",Update,
317054,Z-9007-KM,356173062882001,FM-1202+J,081584148442,317:{8}," null"," null"," Tidak ada data di RAW"
353006,"L 8524 UE",357454072898057,FM-1202,08158320124,353:{1},"2021-07-13 08:37:09","2021-07-13 08:37:24.313",Update,
521017,"HYUNDAI 210",357454073163782,FM-1202,081519764740,521:{2},"2021-02-09 09:49:11","2021-02-09 09:49:32","CPU Reset Recomendation","Katrungan - Krian - Sidoarjo"
511185,280,864403043541243,FM-36,081514013549,511:{1},"2021-07-13 07:21:12","2021-07-13 07:21:33.361",Update,
383002,L-1898-CW,356307047601405,FM-1202+J,081515275068,383:{1}," null"," null"," Tidak ada data di RAW"
511119,55,356173062950139,FM-1202+J,081519764714,511:{10},"2021-07-13 09:00:18","2021-07-13 09:00:21.908",Update,
385018,L-9677-T,356307048818875,FM-1202+J,081553168725,385:{3},"2021-07-13 08:55:11","2021-07-13 08:56:33.533",Update,
509002,RS2,352848022490342,FM-32,08553204404,509:{1},"2021-07-13 02:59:34.301","2021-07-13 02:59:52.089",Update,
501035,E105,356307046115696,FM-32,08553211019,501:{12},"2021-02-26 01:32:06","2021-02-26 01:32:54","CPU Reset Recomendation","Pergudangan Bumi Maspion - Romokalisari - Benowo"
511113,64,356307045738241,FM-1200,081553470237,511:{0;10},"2021-07-13 08:54:28","2021-07-13 08:54:54.162",Update,
355016,"T 04",356173066159414,FM-1202+J,08158096113,355:{2},"2021-07-13 08:59:10.69","2021-07-13 08:59:13.222",Update,
359006,L-1986-PK,356307048762958,FM-32,08164298100,359:{1},"2021-07-13 08:55:18.58","2021-07-13 08:55:25.517",Update,
501027,C501,352094088305971,FM-1202,08553201847,501:{8},"2021-07-13 08:53:22","2021-07-13 08:54:20.192",Update,
355015,"T 08",356173065871662,FM-1202+J,08158096117,355:{2},"2021-07-13 08:39:38.83","2021-07-13 08:39:54.876",Update,
355019,"T 10",356173066162764,FM-1202+J,08158096186,355:{2},"2021-07-13 08:57:43.14","2021-07-13 08:57:46.022",Update,
331014,W-8473-NA,357454073129684,FM-1202,081519764479,331:{2},"2021-07-13 08:43:48","2021-07-13 08:43:51.429",Update,
309017,N-9440-TH,352093083266717,FMA,08553204617,309:{9},"2021-07-13 08:34:29","2021-07-13 08:34:44.927",Update,
309016,N-8782-TL,356307046143029,FM-32,08553204616,309:{6},"2021-07-13 08:18:21","2021-07-13 08:18:27.926",Update,
523018,SK-75-A,356307045613147,FM-1200,08113370540,523:{2},"2021-07-13 08:32:09.16","2021-07-13 08:32:24.052",Update,
511090,188,352848027984372,FM-32,081132006582,511:{0;3},"2021-07-13 08:57:50.411","2021-07-13 09:00:32.929",Update,
501023,E159,352848028624282,FM-32,08553201843,501:{3},"2021-07-13 08:59:34.781","2021-07-13 09:00:05.958",Update,
501023,E159,352848028624282,FM-32,08553201843,501:{3},"2021-07-13 08:59:34.781","2021-07-13 09:00:05.958",Update,
309061,N-9795-TM,356307048932601,FM-1202+J,08155265521,309:{1;4},"2021-07-13 08:48:02","2021-07-13 08:48:21.83",Update,
399010,S-8232-SC,867060031221191,FM-36,081132023081,399:{0},"2021-07-13 08:58:29","2021-07-13 08:58:49.818",Update,
309060,B-9695-BCU,356307048849821,FM-1202+J,081132275025,309:{7},"2021-07-13 08:57:58","2021-07-13 08:58:15.143",Update,
511011,277,352093080033979,FMA,08553210921,511:{3},"2021-07-13 08:58:33","2021-07-13 08:58:48.757",Update,
511063,278,352848026181269,FM-32,08551838362,511:{0;7},"2021-07-13 08:59:06.24","2021-07-13 08:59:41.253",Update,
213006,ABF2_R,352093082640094,FMA,081513701471,213:{0;1},"2021-07-13 08:32:40","2021-07-13 08:32:57.334",Update,
511052,79,352848026182846,FM-32,08553210962,511:{2},"2021-07-13 08:52:47.241","2021-07-13 08:53:21.722",Update,
391001,391001,356173061967621,FM-1202+J,081515274364,391:{1},"2021-07-13 01:35:45.78","2021-07-13 01:41:42.816",Update,
399002,S-9780-SB,867060031264399,FM-36,081132275074,399:{0},"2021-07-13 08:34:27","2021-07-13 08:34:33.191",Update,
541069,F5-14,352093082625269,FMA,081514007890,541:{4}," null"," null"," Tidak ada data di RAW"
331009,L-8018-BT,352848023019165,FM-32,08553204379,331:{3},"2021-07-13 08:42:07.301","2021-07-13 08:42:25.865",Update,
309030,N-9384-TH,357454076229960,FMA,08553204630,309:{13},"2021-07-13 08:49:24","2021-07-13 08:49:44.296",Update,
355026,"T 03",356173066132569,FM-1202+J,081575098494,355:{2},"2021-07-13 08:41:16","2021-07-13 08:41:31.973",Update,
317051,Z-9007-HB,356307047704647,FM-1202+J,081515270491,317:{5}," null"," null"," Tidak ada data di RAW"
355025,"T 20",356173066163234,FM-1202+J,08158096193,355:{2},"2021-07-13 08:34:35.39","2021-07-13 08:34:56.693",Update,
511138,74,356173065026242,FM-1200,08157614814,511:{8},"2021-07-13 08:42:35","2021-07-13 08:42:50.037",Update,
399008,S-9778-SB,867060031216076,FM-36,081132006557,399:{0},"2021-07-13 08:43:04","2021-07-13 08:43:29.211",Update,
523034,SK200-8B,352094086879548,FMA,08113457238,523:{2},"2021-07-13 08:55:42","2021-07-13 08:55:52.612",Update,
399011,S-8231-SC,864403041458895,FM-36,081132006581,399:{0},"2021-07-13 08:55:38","2021-07-13 08:56:01.503",Update,
511003,89,352848025185196,FM-32,08553210903,511:{2},"2021-07-13 08:58:30.421","2021-07-13 08:58:46.796",Update,
523029,Sany-B,357454073161794,FM-1202,08113484290,523:{2},"2021-07-13 08:54:17.83","2021-07-13 08:54:32.737",Update,
511178,274,352093082799908,FMA,081514007462,511:{1},"2021-07-13 08:39:58","2021-07-13 08:40:09.086",Update,
345029,L-9308-UL,867060034789871,FM-36,081514008288,345:{1},"2021-07-13 08:55:46","2021-07-13 08:56:09.101",Update,
309023,L-9331-A,356173062857805,FM-32,081514012458,309:{4},"2021-07-13 08:59:33","2021-07-13 08:59:36.363",Update,
511022,209,352848026178851,FM-32,08553210932,511:{0;2},"2021-07-13 08:55:36.971","2021-07-13 08:56:00.661",Update,
511077,101,352848026366084,FM-32,08553206582,511:{10},"2021-07-13 08:56:49.121","2021-07-13 08:56:58.531",Update,
211002,B-9670-UEW,867060035288519,FM-36,081514016080,211:{1},"2021-07-13 08:59:10","2021-07-13 08:59:26.285",Update,
511029,A02,352848026210647,FM-32,08553210939,511:{11},"2021-07-13 08:52:41.311","2021-07-13 08:53:03.924",Update,
309014,L-8076-Z,352848022876748,FM-32,08553204614,309:{2},"2021-07-13 09:00:04.941","2021-07-13 09:00:22.458",Update,
205006,L-9636-H,356307045968558,FM-1200,08158171418,205:{1},"2021-07-13 08:59:41.41","2021-07-13 08:59:55.948",Update,
511096,190,352093080145617,FMA,08553206619,511:{6},"2021-07-13 08:54:19","2021-07-13 08:54:32.624",Update,
516004,"TM 26",356173062949768,FM-1202+J,08158131067,516:{1}," null"," null"," Tidak ada data di RAW"
309040,B-9431-Y,357454075082238,FM-32,081132264119,309:{7},"2021-07-13 08:36:04","2021-07-13 08:36:24.09",Update,
349002,L-9969-WB,352093082634428,FM-32,081514008440,349:{1},"2021-07-13 07:40:07","2021-07-13 07:40:27.999",Update,
511102,L-02,356307047690150,FM-1200,08553206613,511:{14},"2021-07-13 09:00:31","2021-07-13 09:00:47.377",Update,
217002,L-9957-UI,867060031233220,FM-36,081513701423,217:{0},"2021-07-13 08:57:04","2021-07-13 08:57:26.376",Update,
399003,S-8402-SB,867060031253194,FM-36,081132275073,399:{0},"2021-07-13 08:50:10","2021-07-13 08:50:35.832",Update,
385009,L-9751-T,356307048763220,FM-1202+J,08164298114,385:{1},"2021-07-13 08:44:50.83","2021-07-13 08:45:07.18",Update,
511059,151,352848026180162,FM-32,08553210969,511:{6},"2021-07-13 08:57:34.441","2021-07-13 08:57:48.338",Update,
217004,L-9959-UI,867060031243740,FM-36,081513701433,217:{0},"2021-07-13 08:58:48","2021-07-13 08:59:14.428",Update,
511150,253,357454073081828,FM-1202,081519764785,511:{3},"2021-07-13 08:57:19","2021-07-13 08:57:32.361",Update,
319004,L-9556-WA,352094089404369,FMA,081132242048,319:{1},"2021-07-13 08:56:02","2021-07-13 08:56:13.857",Update,
547004,W-8664-UA,352093083268374,FMA,081513701450,547:{1},"2021-07-13 08:43:55","2021-07-13 08:46:50.33",Update,
541009,PC200-05,356173063737782,FM-1200,08158321044,541:{3}," null"," null"," Tidak ada data di RAW"
21001,L-75564-V,352848023145101,FMA,08553201853,21:{1}," null"," null"," Tidak ada data di RAW"
31201,L-1472-VO,352093083125426,FMA,081514008272,31:{37}," null"," null"," Tidak ada data di RAW"
395005,"BIS. 5 EA-7359-A",357454075063295,FM-1202,081519764552,2:{0}," null"," null"," Tidak ada data di RAW"
511097,97,352848026185732,FM-32,08553206620,511:{12},"2021-06-28 08:59:26.491","2021-06-28 08:59:37.576","CPU Reset Recomendation","RW 05 - Tandes - Tandes"
397006,W-1575-RL,357454076236858,FM-1202,081514388981,397:{1}," null"," null"," Tidak ada data di RAW"
395007,"BIS. 7 EA-7382-A",357454076230513,FM-1202,08155256874,2:{0}," null"," null"," Tidak ada data di RAW"
511181,276,867060034763553,FM-36,081514017963,511:{0;1;10},"2021-06-28 08:50:43","2021-07-01 09:01:12.11","CPU Reset Recomendation","Serangan - Denpasar - Bali"
516010,"TB 05",356173062908038,FM-1202+J,081542002601,516:{1}," null"," null"," Tidak ada data di RAW"
397003,AG-8500-VF,357454076229358,FM-1202,081514388995,397:{1}," null"," null"," Tidak ada data di RAW"
501014,E91(B),356173066134193,FM-32,08553201834,501:{14}," null"," null"," Tidak ada data di RAW"
511158,L-03,357454076233137,FM-1202,081514007455,511:{0;9}," null"," null"," Tidak ada data di RAW"
541007,D31P-03,356173063741339,FM-1202,08158320837,541:{2}," null"," null"," Tidak ada data di RAW"
389001,"G 27",356173061972027,FM-1202+J,081515242594,389:{1}," null"," null"," Tidak ada data di RAW"
501043,C2505,356173061758772,FM-1202+J,08164283048,501:{8},"2021-05-04 02:35:45.2","2021-05-04 02:36:44.387","CPU Reset Recomendation","Pergudangan Bumi Maspion - Romokalisari - Benowo"
393006,TONY(L-9665-F),352094088728115,FM-1202+J,081542002632,393:{0},"2021-07-12 10:18:55","2021-07-12 10:24:35.988","CPU Reset Recomendation","RW 07 - Tambaksari - Tambaksari"
516003,"TM 17",356173062946145,FM-1202+J,08158131066,516:{1}," null"," null"," Tidak ada data di RAW"
541060,F3-14,352094088549859,FMA,081514007255,541:{4}," null"," null"," Tidak ada data di RAW"
375009,H-07,356173066168183,FM-1202+J,081515272909,375:{1}," null"," null"," Tidak ada data di RAW"
205013,L-9452-K,352848029683675,FM-42,085851201370,205:{1}," null"," null"," Tidak ada data di RAW"
205005,L-9649-J,352848027651591,FM-42,085851201362,205:{1}," null"," null"," Tidak ada data di RAW"
389003,"GO 7",356173061694217,FM-1202+J,081515274643,389:{1}," null"," null"," Tidak ada data di RAW"
511110,172,356173062947945,FM-1202,081514389079,511:{4},"2021-06-05 09:52:48","2021-06-05 09:53:04.389","CPU Reset Recomendation","RW 05 - Tandes - Tandes"
511179,C.15,352093082558213,FMA,081514008498,511:{1},"2021-07-12 00:11:08","2021-07-12 00:11:26.33","CPU Reset Recomendation","Kalianget Timur - Sumenep - Jawa Timur"
521006,Lasiman,356173065758752,FM-1202,08551838407,521:{1}," null"," null"," Tidak ada data di RAW"
511026,159,352848026089157,FM-32,08553210936,511:{2},"2021-07-13 09:00:44.271","2021-07-13 09:01:25.852",Update,
387001,"PAMP-01 ",356173061489592,FM-1202+J,081515274612,387:{1}," null"," null"," Tidak ada data di RAW"
511143,115,357454073126359,FM-1202,081519764484,511:{5}," null"," null"," Tidak ada data di RAW"
511183,C.16,867060034763447,FM-36,081514012958,511:{1},"2021-06-11 08:45:09","2021-06-11 08:45:32.048","CPU Reset Recomendation","Driyorejo - Gresik - Jawa Timur"
511030,82,352848026236659,FM-32,08553210940,511:{3}," null"," null"," Tidak ada data di RAW"
516006,"TB 06",356173062959700,FM-1202+J,081542001789,516:{1}," null"," null"," Tidak ada data di RAW"
511058,132,352848026188082,FM-32,08553210968,511:{6}," null"," null"," Tidak ada data di RAW"
541019,SL-02,357454072897448,FM-1202,08158321956,541:{5},"2021-07-13 06:50:35","2021-07-13 07:04:27.979",Update,
393002,SUNAR(L-9267-VJ),352094086292700,FM-1202+J,081542002612,393:{0},"2021-07-13 09:03:23","2021-07-13 09:04:04.942",Update,
521007,D65,352848027645312,FM-42,081553914287,521:{2}," null"," null"," Tidak ada data di RAW"
501022,E08,352848026180568,FM-32,08553201842,501:{3}," null"," null"," Tidak ada data di RAW"
521009,Yoyon,352848029430713,FM-42,081553914289,521:{1;2}," null"," null"," Tidak ada data di RAW"
521014,"PC78 GALEO",352848023068154,FM-42,081553914294,521:{2}," null"," null"," Tidak ada data di RAW"
541052,F10-2,352094089192196,FMA,081514020162,541:{4}," null"," null"," Tidak ada data di RAW"
511081,C.03,356173062949719,FM-32,08553206601,511:{13},"2021-07-12 07:35:00","2021-07-12 07:35:21.464","CPU Reset Recomendation","Java Integrated Industrial and Port Estate - Manyarsidorukun - Gresik"
521016,"SELF LOADER MINI",356307048762560,FM-1202+J,081515270740,521:{1}," null"," null"," Tidak ada data di RAW"
543002,L-8127-SG,356173062767558,FM-1200,081574085614,543:{1}," null"," null"," Tidak ada data di RAW"
511042,59,352848026159281,FM-32,08553210952,511:{8},"2021-05-25 02:40:53.82","2021-05-25 02:41:31.901","CPU Reset Recomendation","RW 05 - Tandes - Tandes"
375001,B-10,356307047601405,FM-1202+J,081553470423,375:{1}," null"," null"," Tidak ada data di RAW"
375001,B-10,356307048828973,FM-1202+J,081553470423,375:{1},"2021-07-13 01:52:16.51","2021-07-13 01:57:48.009",Update,
511057,189,352848026183653,FM-32,08553210967,511:{6},"2021-07-13 09:02:23.601","2021-07-13 09:02:44.984",Update,
511004,108,352848025275369,FM-32,08553210904,511:{2}," null"," null"," Tidak ada data di RAW"
345009,L-8655-US,356173066171781,FM-42,08553210384,345:{1},"2021-07-13 08:37:59.94","2021-07-13 08:38:03.708",Update,
309067,L-1779-MD,357454073179382,FM-1202,081519764742,309:{9},"2021-07-13 08:58:08","2021-07-13 08:58:27.138",Update,
309041,B-9774-TCI,352093083161108,FM-32,081132275064,309:{7},"2021-07-12 08:30:16","2021-07-12 08:31:35.958","CPU Reset Recomendation","Penjaringan - Penjaringan - Jakarta Utara"
353009,L-8680-UJ,352093083156694,FMA,081514008496,353:{1},"2021-07-13 03:37:11","2021-07-13 03:37:34.759",Update,
521011,Ambon,352848028831937,FM-32,081553914291,521:{1;2}," null"," null"," Tidak ada data di RAW"
393007,TOH(AL-9205-AH),356173062950006,FM-1202+J,081542002620,393:{0},"2021-07-13 08:51:35.07","2021-07-13 09:06:45.702",Update,
521002,Bani,352848027501754,FM-42,081553914282,521:{1;2}," null"," null"," Tidak ada data di RAW"
516011,DK-9531-JS,356307048774193,FM-1200,085851201339,516:{1}," null"," null"," Tidak ada data di RAW"
501038,L.8167.UU,356307048808280,FM-42,08553205588,501:{19},"2021-07-13 09:04:30","2021-07-13 09:04:45.15",Update,
511125,131,356173062883397,FM-1202,081542001659,511:{2}," null"," null"," Tidak ada data di RAW"
31151,L-1002-EK,356307048822471,FM-1202+J,081515246032,31:{30},"2021-07-13 07:51:38","2021-07-13 07:51:39.707",Update,
549002,Excavator-02,352093083277698,FMA,081133357620,549:{1}," null"," null"," Tidak ada data di RAW"
511027,96,356307048794498,FM-32,08553210937,511:{4}," null"," null"," Tidak ada data di RAW"
503022,"Kalmar 11",356307048761661,FM-32,08553206236,503:{4},"2021-07-13 07:55:17.49","2021-07-13 09:08:10.568",Update,
309031,H-1360-B,352848024120152,FM-32,08553204631,309:{6},"2021-02-10 02:02:29","2021-02-10 02:04:03","CPU Reset Recomendation","Kawasan Industri Candi - Ngaliyan - Semarang"
541027,P03,357454073255950,FM-1202,081519764475,541:{5},"2021-07-13 08:46:46","2021-07-13 08:57:30.842",Update,
541066,F5-13,352093082795237,FMA,081514007264,541:{4}," null"," null"," Tidak ada data di RAW"
511048,116,352848026183240,FM-32,081514007457,511:{5}," null"," null"," Tidak ada data di RAW"
345008,L-8994-UB,357454073120634,FM-42,08553210383,345:{2},"2021-07-13 09:05:45","2021-07-13 09:06:01.534",Update,
399006,S-3565-VE,352093082648154,FM-1202,081132275037,399:{0},"2021-07-12 14:08:38","2021-07-12 14:08:55.402","Battery Power Low (66,5945)","Pulorejo - Mojokerto - Jawa Timur"
397004,W-8553-NY,357454076237898,FM-1202,081514388983,397:{1},"2021-07-13 09:02:29","2021-07-13 09:07:56.854",Update,
511176,272,352093082716431,FMA,081514007583,511:{1},"2021-07-13 09:07:55","2021-07-13 09:07:58.078",Update,
511117,191,356307046420070,FM-1200,081553470250,511:{0;10},"2021-07-03 07:08:33","2021-07-03 07:11:13.697","CPU Reset Recomendation","RW 05 - Tandes - Tandes"
511091,83,352093080221806,FMA,08553206611,511:{12},"2021-07-13 08:58:31","2021-07-13 08:59:31.255",Update,
399009,,352093083268382,FM-1202,081132006556,399:{0},"2021-07-13 08:59:19","2021-07-13 08:59:36.968",Update,
511008,L-20,352848025187507,FM-32,08553210908,511:{0;2},"2021-07-13 08:17:24.671","2021-07-13 08:17:49.873",Update,
549001,Excavator-03,352093083271030,FMA,081133357607,549:{1}," null"," null"," Tidak ada data di RAW"
511032,95,352848026178455,FM-32,08553210942,511:{3}," null"," null"," Tidak ada data di RAW"
375010,K-09,356307048832108,FM-1202,08164298101,375:{1},"2021-07-09 05:55:48.06","2021-07-09 05:59:52.795","CPU Reset Recomendation","RW 01 - Asemrowo - Asemrowo"
516007,"TB 02",356173062964197,FM-1202+J,081542001782,516:{1},"2021-07-13 09:00:26.34","2021-07-13 09:05:54.023",Update,
355027,"T 06",356173066164034,FM-1202+J,081575098360,355:{2},"2021-06-30 05:57:06.29","2021-06-30 05:57:21.089","CPU Reset Recomendation","Indra Jaya Swastika - Asemrowo - Asemrowo"
309020,L-9996-AS,352094088248106,FM-32,08553204620,309:{4},"2021-07-13 08:40:19","2021-07-13 08:40:36.867",Update,
501037,"C 2510",356307045738019,FM-32,081132275045,501:{0;8},"2021-07-13 08:51:34","2021-07-13 08:51:36.951",Update,
319002,"L 9798 VJ",352094088550097,FMA,081132242055,319:{1},"2021-07-13 09:01:45","2021-07-13 09:01:56.975",Update,
213002,ABF1_R,352093082650127,FMA,081132275035,213:{0;1},"2021-07-13 08:54:08","2021-07-13 08:54:25.593",Update,
309069,L-9386-J,867060031264555,FM-36,081132020934,309:{9},"2021-07-13 09:07:31","2021-07-13 09:07:37.699",Update,
511161,L-12,352094089029513,FMA,081514389004,511:{0;4},"2021-07-08 03:07:10","2021-07-08 03:07:34.76","CPU Reset Recomendation","Driyorejo - Gresik - Jawa Timur"
511104,208,356173065868601,FM-32,08553210964,511:{0;2},"2021-07-13 08:55:26","2021-07-13 08:55:30.193",Update,
511139,L-08,356173063723246,FM-1200,08157612408,511:{14},"2021-07-13 08:57:54","2021-07-13 08:58:11.668",Update,
213007,CS3,352093083269133,FMA,081513701470,213:{0;1},"2021-07-13 08:46:46","2021-07-13 08:47:00.594",Update,
511086,114,356173066166930,FM-1200,08553211012,511:{5},"2021-07-13 09:07:54","2021-07-13 09:08:15.469",Update,
541026,F2.5-2,357454073253187,FM-1202,08158321865,541:{4},"2021-07-13 08:30:52","2021-07-13 08:36:29.814",Update,
541006,PC78-01,356173063740422,FM-1202,08158320878,541:{3}," null"," null"," Tidak ada data di RAW"
357011,"170 [W-9561-NB]",357454073090167,FM-1202,081519764508,357:{1},"2021-02-15 00:56:53","2021-02-15 00:57:08","CPU Reset Recomendation","Tambak Sawah - Waru - Sidoarjo"
215008,DR-8091-AJ,867060031212125,FM-36,081132006578,215:{0},"2021-07-13 09:08:03","2021-07-13 09:08:30.406",Update,
401001,L-9584-CD,867060031283696,FM-36,081513701386,401:{0},"2021-07-13 09:09:06","2021-07-13 09:09:25.401",Update,
521018,W-8083-UW,352094089366105,FMA,081514380734,521:{1},"2021-07-13 08:40:55","2021-07-13 08:41:20.09",Update,
501044,C2503,356173061693490,FM-1202+J,081542004457,501:{8},"2021-07-13 06:20:08","2021-07-13 06:26:24.603",Update,
319006,L-9668-VC,352848024113389,FM-32,081132218950,319:{1},"2021-07-13 09:04:29.67","2021-07-13 09:05:11.088",Update,
375007,L-02,356307048763519,FM-1202+J,08553206455,375:{1},"2021-07-13 09:08:27.48","2021-07-13 09:08:53.643",Update,
523028,"DX63- A",357454073162552,FM-1202,08113457228,523:{1;2},"2021-07-13 08:50:27","2021-07-13 08:50:41.793",Update,
501046,C2508,356173062949644,FM-1202+J,081514007598,501:{8},"2021-07-05 03:29:48.99","2021-07-05 03:30:02.447","CPU Reset Recomendation","Pergudangan Bumi Maspion - Romokalisari - Benowo"
319001,L-9367-BM,352094088253528,FMA,08553204831,319:{1},"2021-07-13 08:55:33","2021-07-13 08:55:48.052",Update,
511152,197,357454073084707,FM-1202,081519764721,511:{3},"2021-07-13 09:08:34","2021-07-13 09:08:57.621",Update,
213001,CS1,352093082639922,FMA,081513701480,213:{0;1},"2021-07-13 08:53:51","2021-07-13 08:54:04.962",Update,
355002,"T 36",352848029477268,FM-42,081553914212,355:{2},"2021-07-13 09:08:08.599","2021-07-13 09:08:25.93",Update,
309006,L-8129-YA,356307046142492,FM-32,08553204606,309:{1},"2021-07-13 05:53:00.83","2021-07-13 05:54:03.582",Update,
501008,E130,352093083273796,FM-42,08553210863,501:{12},"2021-07-13 08:50:57","2021-07-13 08:51:30.887",Update,
541033,F10-4,357454073121962,FM-1202,081519764485,541:{4},"2021-07-13 08:25:50","2021-07-13 08:26:12.094",Update,
213009,CS6,352093083278035,FMA,081513701468,213:{0;1},"2021-07-13 08:54:18","2021-07-13 08:54:32.706",Update,
345028,L-8690-UE,867060034780292,FM-36,081514008255,345:{1},"2021-07-07 23:02:14","2021-07-07 23:02:31.865","CPU Reset Recomendation","Jeruk Purut - Pasuruan - Jawa Timur"
511141,L-15,356173066154977,FM-1200,08158321139,511:{0;8},"2021-07-02 15:19:06","2021-07-02 15:19:23.553","CPU Reset Recomendation","RW 05 - Tandes - Tandes"
355003,"T 38",352848029422322,FM-42,081553914213,355:{2},"2021-07-13 09:08:55.161","2021-07-13 09:09:42.074",Update,
359001,L-1220-PB,356173062883579,FM-32,081514018559,359:{1}," null"," null"," Tidak ada data di RAW"
511007,52,352848025192580,FM-32,08553210907,511:{2},"2021-07-13 09:04:10.801","2021-07-13 09:04:29.971",Update,
309012,L-8942-B,352848022853374,FM-32,08553204612,309:{2},"2021-07-08 10:00:26.45","2021-07-08 10:00:59.116","CPU Reset Recomendation","Jeruk Purut - Pasuruan - Jawa Timur"
541029,F5-6,357454073418806,FM-1202,081519764473,541:{4},"2021-07-12 05:39:02","2021-07-12 05:43:45.103","CPU Reset Recomendation","Driyorejo - Gresik - Jawa Timur"
541013,MC55-02,357454072692401,FM-1202,081574085636,541:{1},"2021-07-13 09:06:08","2021-07-13 09:06:29.771",Update,
511144,L-8032-WN,357454073135673,FM-1202,085851201340,511:{9},"2021-07-13 09:08:34","2021-07-13 09:08:55.031",Update,
399001,S-8636-SB,867060031257591,FM-36,081132275071,399:{0},"2021-07-13 08:57:40","2021-07-13 08:58:15.932",Update,
211011,B-9047-UXV,864403041515603,FM-36,08551838459,211:{1},"2021-07-13 09:05:20","2021-07-13 09:05:42.547",Update,
205008,L-9893-K,356173066179909,FM-1200,085851201365,205:{1},"2021-07-13 09:06:33.43","2021-07-13 09:06:48.167",Update,
349004,L-9069-VV,352848026482097,FM-42,081514389097,349:{1},"2021-07-13 09:04:52.132","2021-07-13 09:05:27.416",Update,
365007,W-1344-QV,864403041519639,FM-36,08551838400,365:{2},"2021-07-13 08:52:58","2021-07-13 08:53:20.978",Update,
511122,54,356173061969163,FM-1202+J,081132275042,511:{0;10},"2021-07-13 09:04:28","2021-07-13 09:04:30.532",Update,
523009,PC75-C,352848029521941,FM-42,08113107117,523:{2},"2021-07-13 09:04:13.77","2021-07-13 09:06:38.024",Update,
511121,50,357454073090969,FM-1202+J,081519764535,511:{2},"2021-07-13 08:51:15","2021-07-13 08:55:58.87",Update,
541003,D31-04,356173063739861,FM-1200,08164298106,541:{2},"2021-07-13 08:27:46.69","2021-07-13 08:28:43.757",Update,
501015,e856,352848027925672,FM-32,08553201835,501:{2}," null"," null"," Tidak ada data di RAW"
541002,PC78-05,356173063741750,FM-1202,081574085639,541:{3},"2021-07-12 04:41:05.76","2021-07-12 04:54:11.412","CPU Reset Recomendation","Pusat Pergudangan Romokalisari - Romokalisari - Benowo"
369009,L-1912-TY,867060031276492,FM-36,081513701486,369:{1},"2021-07-13 08:48:32","2021-07-13 09:07:21.482",Update,
511088,A07,352093083114099,FMA,08553206608,511:{11},"2021-07-10 00:56:48","2021-07-10 00:56:51.503","Battery Power Low (66,2918)","Kesiman Petilan - Denpasar - Bali"
511124,56,356173062949180,FM-1202+J,081542004480,511:{2;10},"2021-07-13 08:41:34.47","2021-07-13 08:41:46.801",Update,
511124,56,356173062949180,FM-1202+J,081542004480,511:{2;10},"2021-07-13 08:41:34.47","2021-07-13 08:41:46.801",Update,
523023,PC50,356173061486721,FM-1202+J,08113390765,523:{2},"2021-07-13 09:01:16.8","2021-07-13 09:01:35.987",Update,
541068,MC25-05,352093082788224,FMA,081514007809,541:{1}," null"," null"," Tidak ada data di RAW"
319003,"L 8135 XL",352848024114841,FM-32,081132218955,319:{1},"2021-07-13 09:06:46.05","2021-07-13 09:07:22.418",Update,
309003,L-9876-AL,352848023056969,FM-32,08553204603,309:{1}," null"," null"," Tidak ada data di RAW"
541073,F5-10,352093082787077,FMA,081514007600,541:{4}," null"," null"," Tidak ada data di RAW"
511136,218,356173066166310,FM-1202,08157615896,511:{5},"2021-07-13 08:42:54.03","2021-07-13 08:43:10.365",Update,
541025,F7-9,357454072987637,FM-1202,081514007563,541:{4}," null"," null"," Tidak ada data di RAW"
369008,L-1462-VK,864403041514481,FM-36,081554100502,369:{1},"2021-07-13 09:05:48","2021-07-13 09:06:09.399",Update,
541067,F3-21,352093082997536,FMA,081514389084,541:{4}," null"," null"," Tidak ada data di RAW"
511060,195,352093083272095,FM-32,08553210970,511:{10},"2021-07-13 06:45:25","2021-07-13 06:45:39.73",Update,
511135,219,356173066157178,FM-1202,08157615781,511:{3},"2021-07-13 08:45:15.71","2021-07-13 08:45:18.715",Update,
511092,60,352093083278761,FM-32,08553206615,511:{11},"2021-07-13 07:42:32","2021-07-13 07:42:36.096",Update,
541020,MC25-01,357454072810607,FM-1202,08158321457,541:{1},"2021-07-13 08:52:03","2021-07-13 08:52:07.052",Update,
509001,RS1,352848022415190,FM-32,08553202960,509:{1},"2021-07-13 06:11:35.071","2021-07-13 06:12:51.917",Update,
369007,L-9611-NL,867060034754966,FM-36,08551838364,369:{1},"2021-07-13 09:10:05","2021-07-13 09:10:25.193",Update,
541046,SL-03,357454076236312,FM-1202,081553481862,541:{5},"2021-02-26 03:23:30","2021-02-26 03:26:36","CPU Reset Recomendation","Pusat Pergudangan Romokalisari - Romokalisari - Benowo"
511075,53,352848026367108,FM-32,08553206580,511:{10},"2021-07-13 09:06:53.74","2021-07-13 09:08:18.593",Update,
541048,F4-1,357454076233079,FM-1202,081519764591,541:{4}," null"," null"," Tidak ada data di RAW"
511037,C.11,356307045624334,FM-1202,08553210947,511:{13},"2021-06-25 06:12:06","2021-06-25 06:45:09.558","CPU Reset Recomendation","RW 05 - Tandes - Tandes"
511126,206,356173062857888,FM-1202+J,081584148387,511:{2},"2021-04-26 17:27:28","2021-04-27 01:36:31.232","CPU Reset Recomendation","Sumbersih - Blitar - Jawa Timur"
541034,MC25-03,357454073419218,FM-1202,081519764489,541:{1},"2021-06-18 05:06:32","2021-06-18 05:27:46.988","CPU Reset Recomendation","Romokalisari - Surabaya - Jawa Timur"
511130,57,356173062948935,FM-1202+J,081584148346,511:{11},"2021-07-13 09:04:56","2021-07-13 09:05:08.959",Update,
511120,178,356173062884361,FM-1202+J,08158131071,511:{6},"2021-07-13 09:07:15","2021-07-13 09:07:32.528",Update,
541016,MC55-03,352093082640037,FM-1202,081514007238,541:{1}," null"," null"," Tidak ada data di RAW"
511133,216,356173066168126,FM-1202,08158160181,511:{2},"2021-07-13 09:07:56.93","2021-07-13 09:08:15.114",Update,
511083,C.04,356173065870656,FM-32,08553206603,511:{13},"2021-06-10 10:59:39.16","2021-06-10 10:59:40.528","CPU Reset Recomendation","RW 05 - Tandes - Tandes"
511046,77,352094088273922,FM-32,08553210956,511:{5},"2021-06-14 12:31:34","2021-06-14 12:31:36.468","CPU Reset Recomendation","RW 03 - Gunung Anyar - Gunung Anyar"
365005,L-9279-UK,352093083263151,FM-1200,081514008485,365:{1},"2021-06-14 22:23:00","2021-06-14 22:23:14.482","Battery Power Low (66,0)","Industri Rungkut Sari - Tenggilis Mejoyo - Tenggilis Mejoyo"
511129,184,356173062950758,FM-1202+J,081542001812,511:{3},"2021-07-13 09:11:50","2021-07-13 09:12:08.518",Update,
511157,254,357454076231941,FM-1202,08155257458,511:{3},"2021-07-13 08:54:36","2021-07-13 08:54:54.772",Update,
399007,S-8526-SB,867060031256833,FM-36,081132006558,399:{0},"2021-07-13 08:56:15","2021-07-13 08:56:36.273",Update,
523003,R210-7A,357454073170068,FM-42,08113107112,523:{2},"2021-07-13 08:55:04","2021-07-13 08:55:50.501",Update,
213010,CHILLING_1,352093082787135,FMA,081513701466,213:{0;1},"2021-07-13 08:53:20","2021-07-13 08:53:35.796",Update,
521020,"VIBRO-sakai 525D",357454076233129,FM-1202,081514018987,521:{2},"2021-07-13 09:07:09","2021-07-13 09:07:36.22",Update,
511054,181,352848026179479,FM-32,08113370548,511:{0;2},"2021-07-13 09:07:01.131","2021-07-13 09:07:39.695",Update,
369006,L-1052-PG,867060035280995,FM-36,08551838363,369:{1},"2021-07-13 09:05:46","2021-07-13 09:06:12.443",Update,
511087,91,352848021513482,FM-32,08553206607,511:{12},"2021-07-03 10:12:25.6","2021-07-05 05:43:50.841","CPU Reset Recomendation","RW 05 - Tandes - Tandes"
369010,L-1955-AL,867060031288919,FM-36,081513701485,369:{1},"2021-07-13 08:48:59","2021-07-13 08:49:14.802",Update,
511066,130,352094086879605,FM-32,08553206571,511:{7},"2021-07-13 08:53:44","2021-07-13 08:56:38.771",Update,
213004,ABF4_R,352093080348468,FMA,081513701481,213:{0;1},"2021-07-13 08:44:18","2021-07-13 08:44:33.235",Update,
375003,J-01,356307047690655,FM-1202+J,085851201334,375:{1},"2021-07-13 08:25:18","2021-07-13 08:25:44.186",Update,
541030,F3-1,357454073121350,FM-1202,081519764461,541:{4},"2021-07-13 09:00:19","2021-07-13 09:00:32.679",Update,
213003,CHILLING_2,352093082647933,FMA,081513701446,213:{0;1},"2021-07-13 08:54:39","2021-07-13 08:54:55.661",Update,
511067,106,352848026316782,FM-32,08553206572,511:{7},"2021-07-13 01:19:03.551","2021-07-13 01:26:02.19",Update,
523015,DK-8308-JK,352848029437452,FM-42,081553914263,523:{1}," null"," null"," Tidak ada data di RAW"
213005,ABF3_R,352093082791772,FMA,081513701482,213:{0;1},"2021-07-13 08:42:34","2021-07-13 08:44:48.164",Update,
511145,L-8068-KA,357454073161224,FM-1202,081519764503,511:{9},"2021-07-08 01:53:27","2021-07-08 01:54:14.109","CPU Reset Recomendation","Kesiman Petilan - Denpasar - Bali"
309046,L-8065-ZF,352848024110583,FM-32,08553205646,309:{4},"2021-04-21 01:27:56.091","2021-04-21 01:28:13.634","CPU Reset Recomendation","Basirih Selatan - Banjarmasin Selatan - Banjarmasin"
379001,S-9430-QB,356307045901963,FM-1200,08113102219,379:{1},"2021-06-28 06:09:31.29","2021-06-28 06:11:41.598","CPU Reset Recomendation","Padi - Mojokerto - Jawa Timur"
541023,P01,357454071273815,FM-1202,08158321316,541:{5},"2021-07-13 09:11:15","2021-07-13 09:12:34.026",Update,
503027,"F 09",352093082793620,FMA,081514007249,503:{1},"2021-02-26 03:26:04","2021-02-26 03:26:26","CPU Reset Recomendation","Ujung - Surabaya - Jawa Timur"
511116,192,356307045901518,FM-1200,081553470248,511:{0;10},"2021-07-13 08:44:06.05","2021-07-13 08:44:09.373",Update,
541017,SL-01,357454072806563,FM-1202,08158320272,541:{5},"2021-07-12 03:28:51","2021-07-12 03:29:11.555","CPU Reset Recomendation","Pusat Pergudangan Romokalisari - Romokalisari - Benowo"
541050,PC78-12,357454076233764,FM-1202,081553481754,541:{3}," null"," null"," Tidak ada data di RAW"
511080,153,352093082648147,FMA,081132264116,511:{0;8},"2021-07-12 07:44:00","2021-07-12 08:00:21.165","CPU Reset Recomendation","RW 05 - Tandes - Tandes"
387005,DR-8253-AE,356173062105395,FM-1202+J,081515274918,387:{3}," null"," null"," Tidak ada data di RAW"
541059,F7-3,352094088305898,FMA,081514007295,541:{4}," null"," null"," Tidak ada data di RAW"
541012,MC50-01,357454072313503,FM-1202,08158329139,541:{1},"2021-07-12 03:45:01","2021-07-12 03:49:57.122","CPU Reset Recomendation","Pusat Pergudangan Romokalisari - Romokalisari - Benowo"
511151,252,357454073168120,FM-1202,081519764711,511:{3},"2021-07-13 08:49:25","2021-07-13 08:49:45.023",Update,
511021,164,356173062884593,FM-32,08553210931,511:{4},"2021-06-09 18:57:04","2021-06-09 18:57:07.087","CPU Reset Recomendation","RW 05 - Tandes - Tandes"
511053,162,352848026181541,FM-32,08553210958,511:{6},"2021-07-13 09:11:28.141","2021-07-13 09:12:42.671",Update,
511109,177,356307046110390,FM-1200,08553206628,511:{2},"2021-04-23 05:59:21","2021-04-23 05:59:23.696","CPU Reset Recomendation","RW 05 - Sambikerep - Sambikerep"
541035,MC25-02,357454073257238,FM-1202,081519764491,541:{1},"2021-07-13 09:01:09","2021-07-13 09:03:03.373",Update,
521004,Rudi,356173062885087,FM-1202,081553914284,521:{2}," null"," null"," Tidak ada data di RAW"
541021,F10-1,357454071906224,FM-1202,08158321161,541:{4}," null"," null"," Tidak ada data di RAW"
521001,L-9291-US,352848026434015,FM-42,081553914281,521:{1}," null"," null"," Tidak ada data di RAW"
511095,62,352093082760033,FM-32,08553206618,511:{12},"2021-07-13 09:09:54","2021-07-13 09:10:26.563",Update,
511070,166,352848026331575,FM-32,08553206575,511:{8},"2021-05-09 23:59:50.38","2021-05-10 00:00:09.044","CPU Reset Recomendation","RW 05 - Tandes - Tandes"
511049,76,357454075802940,FM-32,08553210959,511:{5},"2021-07-06 04:37:16","2021-07-06 04:37:31.344","CPU Reset Recomendation","Puger Kulon - Jember - Jawa Timur"
501042,L.9081.UY,356307048819501,FM-1202+J,081514389101,501:{7}," null"," null"," Tidak ada data di RAW"
511069,90,356307048798341,FM-1200,081513701384,511:{0;7},"2021-07-09 07:09:08","2021-07-09 07:09:25.529","CPU Reset Recomendation","RW 05 - Tandes - Tandes"
541040,F5-2,357454075062727,FM-1202,081519764648,541:{4}," null"," null"," Tidak ada data di RAW"
541047,F10-3,357454075538445,FM-1202,081514018756,541:{4}," null"," null"," Tidak ada data di RAW"
511034,69,352848026169256,FM-32,08553210944,511:{5},"2021-07-13 04:26:46.291","2021-07-13 04:27:20.363",Update,
541032,F7-8,357454073418491,FM-1202,081519764467,541:{4},"2021-07-13 06:18:44","2021-07-13 06:29:31.614",Update,
511106,C.08,357454076232311,FM-32,08553206625,511:{13},"2021-06-12 09:12:18","2021-06-12 12:34:47.561","CPU Reset Recomendation","Driyorejo - Gresik - Jawa Timur"
541031,F2.5-1,357454073120329,FM-1202,081519764462,541:{4},"2021-07-13 06:27:35","2021-07-13 06:31:12.429",Update,
501029,E98,352093082918920,FM-1202,081514017883,501:{14},"2021-07-13 07:47:52","2021-07-13 07:47:55.315",Update,
541056,F3-19,352094089706961,FMA,081514018708,541:{4}," null"," null"," Tidak ada data di RAW"
511047,175,352848026182655,FM-32,08553210957,511:{4},"2021-06-23 02:42:21.291","2021-06-23 02:42:40.639","CPU Reset Recomendation","RW 05 - Tandes - Tandes"
511017,102,352848026209755,FM-32,081132218954,511:{0;10},"2021-07-09 01:15:36.071","2021-07-09 01:15:53.945","CPU Reset Recomendation","Kesiman Petilan - Denpasar - Bali"
511153,C.12,357454073168062,FM-1202,081519764762,511:{13},"2021-07-11 02:53:48","2021-07-11 02:54:09.254","CPU Reset Recomendation","RW 05 - Tandes - Tandes"
541022,F5-9,357454072876491,FM-1202,08158320399,541:{4},"2021-05-26 04:26:18","2021-07-13 09:12:02.99",Update,
541004,PC78-04,356173063737303,FM-1200,08158319398,541:{3}," null"," null"," Tidak ada data di RAW"
309026,N-8370-TD,352093082754994,FM-32,08553204626,309:{1}," null"," null"," Tidak ada data di RAW"
523030,E320D,357454073126581,FM-1202,08113525578,523:{2},"2021-07-13 08:53:14.06","2021-07-13 08:53:16.887",Update,
523037,Sany-C,352093082646206,FMA,08113457246,523:{2}," null"," null"," Tidak ada data di RAW"
523037,Sany-C,352093082646208,FMA,08113457246,523:{2},"2021-07-13 07:05:30","2021-07-13 07:05:48.835",Update,
523037,Sany-C,352093082646208,FMA,08113457246,523:{2},"2021-07-13 07:05:30","2021-07-13 07:05:48.835",Update,
541037,PC78-07,357454073161869,FM-1202,081519764852,541:{3}," null"," null"," Tidak ada data di RAW"
541058,F7-1,352094086178404,FMA,081514389072,541:{4}," null"," null"," Tidak ada data di RAW"
523038,Sany-D,352093082629022,FMA,08113457240,523:{2},"2021-07-13 09:00:54","2021-07-13 09:01:09.726",Update,
511028,A04,352848026229787,FM-32,08553210938,511:{11},"2021-07-13 09:14:41.421","2021-07-13 09:15:11.652",Update,
523026,D3G-B,356173063750462,FM-1202,08113525595,523:{2},"2021-07-13 09:00:14","2021-07-13 09:00:22.983",Update,
541070,F3-22,352093082907576,FMA,081514007254,541:{4}," null"," null"," Tidak ada data di RAW"
511040,185,352848026180964,FM-32,08553210950,511:{4}," null"," null"," Tidak ada data di RAW"
31192,L-1755-XS,357454075537520,FM-1202,081514008559,31:{36},"2021-07-13 09:15:15","2021-07-13 09:15:29.697",Update,
397002,W-8003-NI,357454076233392,FM-1202,081514388984,397:{1}," null"," null"," Tidak ada data di RAW"
541071,F7-10,352093082799999,FMA,081514007590,541:{4}," null"," null"," Tidak ada data di RAW"
541028,F3-8,357454073253567,FM-1202,081519764474,541:{4},"2021-07-13 08:46:51","2021-07-13 08:47:12.414",Update,
501003,C502,356307047690556,FM-1202,081515246035,501:{8}," null"," null"," Tidak ada data di RAW"
541057,F3-20,352094087450505,FMA,081514007439,541:{4}," null"," null"," Tidak ada data di RAW"
541011,PC200-02,356173063741313,FM-1200,081574085630,541:{3}," null"," null"," Tidak ada data di RAW"
511175,271,352094089905787,FMA,081514017679,511:{1},"2021-05-10 02:58:44","2021-05-10 02:59:05.766","CPU Reset Recomendation","RW 05 - Tandes - Tandes"
397001,W-9761-US,357454076233442,FM-1202,081514388985,397:{1}," null"," null"," Tidak ada data di RAW"
511041,L-19,352848026177127,FM-32,08553210951,511:{0;5},"2021-07-13 09:13:14.663","2021-07-13 09:13:51.315",Update,
511062,135,352848026210860,FM-32,08553206567,511:{7},"2021-07-13 08:33:40.141","2021-07-13 08:35:48.574",Update,
541053,F5-1,352094089404518,FMA,081514018968,541:{4}," null"," null"," Tidak ada data di RAW"
511065,51,352093082797183,FM-32,08553206570,511:{7},"2021-07-13 07:16:06","2021-07-13 07:16:42.733",Update,
309035,N-9385-TH,352848024255248,FM-32,08553204635,309:{6}," null"," null"," Tidak ada data di RAW"
511076,67,352848026400636,FM-32,08553206581,511:{8},"2021-05-27 21:11:52.749","2021-05-27 21:12:37.241","CPU Reset Recomendation","RW 05 - Tandes - Tandes"
541043,VBR-01,357454075063154,FM-1202,08155265662,541:{6}," null"," null"," Tidak ada data di RAW"
397007,W-1517-RL,357454075063105,FM-1202,081514388980,397:{1}," null"," null"," Tidak ada data di RAW"
511140,L-10,356173063121748,FM-1200,08157613537,511:{14},"2021-07-13 08:54:25.42","2021-07-13 08:54:52.609",Update,
511033,80,352848026177671,FM-32,08553210943,511:{3}," null"," null"," Tidak ada data di RAW"
541041,F7-4,357454075003994,FM-1202,081519764655,541:{4}," null"," null"," Tidak ada data di RAW"
511038,171,352094087450208,FM-32,08553210948,511:{4},"2021-06-08 09:14:53","2021-06-08 09:15:55.17","CPU Reset Recomendation","RW 05 - Tandes - Tandes"
511107,C.09,352848027918883,FM-32,08553206626,511:{13},"2021-04-30 06:22:51.071","2021-04-30 06:22:58.28","CPU Reset Recomendation","Driyorejo - Gresik - Jawa Timur"
511172,269,352093083304310,FMA,081132275044,511:{0;1},"2021-07-13 09:11:50","2021-07-13 09:11:53.287",Update,
541063,F7-2,352093082630178,FMA,081514007606,541:{4}," null"," null"," Tidak ada data di RAW"
541015,F15-2,357454072813114,FM-1202,08158319423,541:{4},"2021-07-13 09:05:45","2021-07-13 09:18:22.963",Update,
375004,L-01,356307045726535,FM-1200,085851201335,375:{1}," null"," null"," Tidak ada data di RAW"
501009,E131,352094089192550,FM-32,081514012923,501:{1},"2021-07-13 08:32:47","2021-07-13 08:35:42.91",Update,
511159,257,357454076231305,FM-1202,08155265451,511:{4},"2021-06-23 08:23:13","2021-06-23 08:23:27.108","CPU Reset Recomendation","RW 05 - Tandes - Tandes"
511159,257,357454076231305,FM-1202,08155265451,511:{4},"2021-06-23 08:23:13","2021-06-23 08:23:27.108","CPU Reset Recomendation","RW 05 - Tandes - Tandes"
511118,196,356173062885038,FM-1202+J,08158131068,511:{4},"2021-06-26 05:43:10.52","2021-06-26 05:43:27.192","CPU Reset Recomendation","RW 05 - Tandes - Tandes"
511035,C.06,352848026364055,FM-32,08553210945,511:{13},"2021-06-11 08:17:18.211","2021-06-11 08:17:25.303","CPU Reset Recomendation","Driyorejo - Gresik - Jawa Timur"
511149,255,357454073163238,FM-1202,081519764842,511:{3},"2021-07-13 09:14:45","2021-07-13 09:15:05.3",Update,
511005,154,352848025208212,FM-32,08553210905,511:{2},"2021-02-15 01:26:58","2021-02-15 01:27:11","CPU Reset Recomendation","Purwotengah - Kediri - Jawa Timur"
541061,F3-18,352094088670820,FMA,081514007257,541:{4}," null"," null"," Tidak ada data di RAW"
541051,PC78-10,357454075009983,FM-1202,081514380729,541:{3}," null"," null"," Tidak ada data di RAW"
521010,Putra,352848029495153,FM-42,081553914290,521:{2}," null"," null"," Tidak ada data di RAW"
541045,F7-6,357454075063204,FM-1202,08155265465,541:{4}," null"," null"," Tidak ada data di RAW"
511089,66,352848026167664,FM-32,08553206609,511:{12},"2021-07-13 09:17:57.511","2021-07-13 09:18:21.288",Update,
541064,F7-5,352094088987380,FMA,81514007808,541:{4}," null"," null"," Tidak ada data di RAW"
521008,Maliki,352848029494198,FM-42,081553914228,521:{2}," null"," null"," Tidak ada data di RAW"
511093,61,356173063473172,FM-32,08553206616,511:{12}," null"," null"," Tidak ada data di RAW"
541049,P-05,357454076229564,FM-1202,081553481756,541:{5}," null"," null"," Tidak ada data di RAW"
547001,W-9007-UG,357454076235140,FM-1202,081514388959,547:{1},"2021-07-13 05:50:43","2021-07-13 05:51:57.523",Update,
541075,F3-11,352093082634485,FMA,081514017875,541:{4}," null"," null"," Tidak ada data di RAW"
511147,220,357454073163865,FM-1200,081519764492,511:{3},"2021-07-13 03:58:24","2021-07-13 03:58:29.444",Update,
541018,F10-5,357454072898842,FM-1202,08158319367,541:{4},"2020-07-01 09:09:52","2021-01-30 10:07:32","CPU Reset Recomendation","Kawasan Industri Maspion - Sukomulyo - Gresik"
501024,E156,352094089872839,FM-32,08553201844,501:{1},"2021-07-10 00:51:10","2021-07-10 00:52:07.167","CPU Reset Recomendation"," -  - "
541072,F3-5,352093083264357,FMA,081514380723,541:{4}," null"," null"," Tidak ada data di RAW"
365006,L-9336-BF,356307045613410,FM-42,081514008256,365:{1},"2021-07-13 09:05:27","2021-07-13 09:05:38.882",Update,
309053,N-8369-TD,356173062968156,FM-42,08553205653,309:{3},"2021-07-09 02:25:55.02","2021-07-09 02:25:58.426","CPU Reset Recomendation","Gempol - Pasuruan - Jawa Timur"
511078,C.02,352848026370730,FM-32,08553206583,511:{13},"2021-07-07 02:08:47.071","2021-07-07 02:09:07.66","CPU Reset Recomendation","RW 05 - Tandes - Tandes"
375006,"L 03",356307047604193,FM-1202+J,08553206459,375:{1}," null"," null"," Tidak ada data di RAW"
395010,EA-7400-A,352094089028325,FMA,081514388930,2:{0}," null"," null"," Tidak ada data di RAW"
VID,"Device Code",Imei,"Model GPS",Cellnumber,"Company GROUP",Devicetime,Servertime,"Last Location",Comment
309027,N-9823-TE,352848024232866,FM-32,08553204627,309:{6},"2021-07-22 01:53:14.391","2021-07-22 01:54:20.085",Update,
309039,B-9175-UCN,352094082645489,FM-32,08553205639,309:{7},"2021-07-20 00:50:01","2021-07-20 00:50:15.079","CPU Reset Recomendation","Penjaringan - Penjaringan - Jakarta Utara"
309025,L-8034-WD,352848024126894,FM-32,08553204625,309:{4},"2021-06-30 00:11:59.09","2021-06-30 00:12:27.482","CPU Reset Recomendation","Gempol - Pasuruan - Jawa Timur"
309068,H-1567-WA,352094087546138,FMA,081514007262,309:{6},"2021-02-26 02:17:20","2021-02-26 02:17:30","CPU Reset Recomendation","Kawasan Industri Candi - Ngaliyan - Semarang"
309038,B-9241-PCI,352094085652086,FM-32,08553205638,309:{7},"2021-07-12 22:58:26","2021-07-19 20:38:23.123","CPU Reset Recomendation","Penjaringan - Penjaringan - Jakarta Utara"
309011,L-9196-VZ,352094085744917,FM-1200,08553204611,309:{5},"2021-07-08 01:52:30","2021-07-08 01:52:43.555","CPU Reset Recomendation","Jeruk Purut - Pasuruan - Jawa Timur"
309036,B-9790-TCG,352094089652439,FM-32,08553204636,309:{1;7},"2021-07-22 02:38:04","2021-07-22 02:39:01.898",Update,
309058,N-9930-TK,356307045648705,FM-1200,081514007262,309:{2},"2021-07-14 07:52:03.24","2021-07-14 07:52:06.503","CPU Reset Recomendation","Jeruk Purut - Pasuruan - Jawa Timur"
309022,N-9185-TI,352094087854813,FM-32,08553204622,309:{3},"2021-07-21 13:24:12","2021-07-21 13:24:25.471","CPU Reset Recomendation","Kepulungan - Pasuruan - Jawa Timur"
