201003,201180,202021,202138,202260,202373,202478,202582
201011,201181,202022,202139,202262,202374,202479,202583
201016,201182,202023,202140,202264,202375,202481,202584
201022,201183,202024,202141,202265,202376,202482,202585
201025,201184,202025,202142,202266,202377,202483,202586
201031,201185,202026,202143,202267,202378,202484,202587
201034,201186,202027,202144,202268,202379,202486,202588
201035,201188,202028,202145,202270,202380,202487,202590
201036,201190,202029,202146,202272,202381,202488,202591
201037,201191,202030,202147,202273,202382,202489,202592
201038,201192,202032,202149,202274,202383,202490,202593
201044,201193,202033,202150,202275,202384,202491,202594
201046,201194,202035,202151,202276,202385,202492,202595
201048,201195,202036,202152,202277,202386,202493,202596
201058,201196,202037,202155,202278,202387,202494,202597
201059,201197,202038,202156,202279,202388,202495,202598
201063,201198,202039,202157,202280,202389,202496,202600
201064,201199,202040,202160,202281,202390,202497,202601
201067,201200,202041,202161,202282,202391,202498,202602
201071,201201,202042,202165,202283,202392,202499,202603
201072,201202,202043,202166,202285,202393,202501,202604
201074,201204,202044,202168,202286,202394,202503,202605
201075,201205,202045,202169,202287,202395,202504,202606
201077,201206,202046,202170,202289,202397,202505,202607
201078,201207,202047,202172,202290,202398,202506,202608
201079,201208,202048,202173,202291,202399,202507,202609
201080,201209,202049,202174,202292,202400,202508,202610
201081,201210,202050,202175,202293,202401,202509,202611
201082,201212,202051,202178,202294,202402,202510,202612
201083,201214,202052,202179,202295,202403,202511,202613
201084,201215,202053,202180,202297,202404,202512,202614
201085,201216,202054,202181,202298,202406,202513,202901
201086,201218,202055,202182,202299,202407,202514,202902
201087,201219,202056,202183,202301,202408,202515,202903
201088,201220,202057,202184,202302,202409,202516,202904
201089,201221,202059,202185,202303,202410,202517,202905
201090,201222,202060,202187,202304,202411,202518,202906
201092,201223,202061,202188,202307,202412,202519,202907
201093,201224,202062,202189,202309,202413,202520,202908
201094,201225,202063,202190,202310,202414,202521,202909
201095,201226,202064,202193,202311,202415,202522,
201096,201228,202065,202195,202312,202416,202523,
201097,201229,202066,202196,202313,202417,202524,
201100,201230,202067,202197,202315,202418,202525,
201102,201231,202068,202198,202316,202419,202526,
201103,201232,202069,202199,202317,202420,202527,
201104,201233,202070,202200,202318,202421,202528,
201105,201234,202071,202201,202319,202422,202529,
201109,201235,202072,202203,202320,202423,202530,
201110,201236,202073,202204,202321,202424,202531,
201111,201237,202074,202205,202322,202426,202532,
201112,201238,202077,202206,202323,202427,202533,
201113,201239,202078,202207,202324,202429,202534,
201114,201240,202079,202208,202325,202430,202535,
201115,201241,202080,202209,202326,202431,202536,
201116,201242,202083,202210,202327,202432,202537,
201118,201243,202084,202211,202328,202433,202538,
201121,201244,202085,202212,202329,202434,202539,
201124,201245,202086,202213,202330,202435,202540,
201125,201246,202087,202214,202331,202436,202541,
201126,201247,202088,202215,202332,202437,202542,
201127,201248,202090,202217,202333,202438,202543,
201128,201249,202091,202218,202334,202439,202544,
201129,201251,202092,202220,202335,202440,202545,
201130,201252,202093,202221,202336,202441,202546,
201131,201253,202094,202222,202337,202442,202547,
201132,201254,202095,202223,202338,202443,202548,
201136,201256,202096,202224,202339,202444,202549,
201137,201258,202097,202225,202340,202445,202550,
201138,201260,202098,202226,202341,202446,202551,
201139,201261,202099,202227,202342,202447,202552,
201140,201263,202100,202228,202343,202448,202553,
201143,201264,202101,202229,202345,202449,202554,
201144,201265,202102,202231,202346,202450,202555,
201145,201266,202103,202233,202347,202451,202556,
201149,201267,202104,202234,202348,202452,202557,
201152,201268,202105,202235,202349,202453,202558,
201153,201269,202106,202236,202350,202454,202559,
201154,201270,202108,202237,202351,202455,202560,
201155,201271,202109,202238,202352,202456,202561,
201156,201272,202110,202239,202353,202457,202562,
201157,202001,202112,202240,202354,202458,202563,
201159,202002,202113,202241,202355,202459,202564,
201160,202003,202115,202242,202356,202460,202565,
201161,202004,202120,202243,202357,202461,202566,
201162,202005,202121,202244,202358,202462,202567,
201164,202006,202123,202245,202359,202463,202568,
201165,202007,202124,202246,202360,202464,202569,
201166,202009,202125,202247,202361,202465,202570,
201167,202010,202126,202248,202362,202466,202571,
201168,202011,202127,202249,202363,202467,202572,
201169,202012,202128,202250,202364,202468,202573,
201171,202013,202129,202251,202365,202469,202574,
201172,202014,202130,202252,202366,202471,202575,
201174,202015,202131,202253,202367,202472,202576,
201175,202016,202132,202254,202368,202473,202577,
201176,202017,202133,202255,202369,202474,202578,
201177,202018,202134,202256,202370,202475,202579,
201178,202019,202136,202257,202371,202476,202580,
201179,202020,202137,202258,202372,202477,202581,
